doc_id,sentence_id,product_a,product_b,comparative_terms,relationship_types,risk_terms,study_context,matched_terms,context_rule_hits,direction_type,product_a_role,product_b_role,direction_triggers,narrative_type,narrative_subtype,narrative_confidence,section,sentiment_label,sentiment_score,sentiment_model,sentiment_inference_ts,created_at,claim_strength,risk_posture,narrative_invariant_ok,narrative_invariant_reason
med:pmid:41501364,med:pmid:41501364:sec:abstract:sent:1,enalapril,sacubitril_valsartan,compared to,,,randomized,"{""comparative_terms"": [""compared to""], ""study_context"": [""randomized""]}","[""comparative_terms"", ""study_context""]",,,,,,,,abstract,NEU,0.0,lexicon_v1,2026-01-08T12:24:15.760319+00:00,2026-01-08 12:24:15,,,,
med:pmid:41501364,med:pmid:41501364:sec:abstract:sent:4,enalapril,sacubitril_valsartan,,,,,,,,,,,,,,abstract,NEU,0.0,lexicon_v1,2026-01-08T12:24:15.760319+00:00,2026-01-08 12:24:15,,,,
med:pmid:41501364,med:pmid:41501364:sec:abstract:sent:5,enalapril,sacubitril_valsartan,,,,,,,,,,,,,,abstract,NEU,0.0,lexicon_v1,2026-01-08T12:24:15.760319+00:00,2026-01-08 12:24:15,,,,
med:pmid:41501364,med:pmid:41501364:sec:abstract:sent:9,enalapril,sacubitril_valsartan,,,,,,,,,,,,,,abstract,NEU,0.0,lexicon_v1,2026-01-08T12:24:15.760319+00:00,2026-01-08 12:24:15,,,,
med:pmid:41335448,med:pmid:41335448:sec:conclusion:sent:13,enalapril,sacubitril_valsartan,no significant difference,,,,"{""comparative_terms"": [""no significant difference""], ""claim_strength_terms"": {""suggestive"": [""greater reduction""]}}","[""comparative_terms"", ""claim_strength:suggestive""]",,,,,comparative,comparative_efficacy,0.6,conclusion,POS,2.0,lexicon_v1,2026-01-08T12:24:15.760319+00:00,2026-01-08 12:24:15,suggestive,,1,
med:pmid:41335448,med:pmid:41335448:sec:methods:sent:5,enalapril,sacubitril_valsartan,,add-on therapy,,randomized,"{""add-on therapy"": [""in addition to standard therapy""], ""study_context"": [""randomized""]}","[""relationship:add-on therapy"", ""study_context""]",add_on,add_on,backbone,"[""add_on_to""]",,,,methods,NEU,0.0,lexicon_v1,2026-01-08T12:24:15.760319+00:00,2026-01-08 12:24:15,,,,
med:pmid:41335448,med:pmid:41335448:sec:results:sent:10,enalapril,sacubitril_valsartan,,,,,,,,,,,,,,results,NEU,0.0,lexicon_v1,2026-01-08T12:24:15.760319+00:00,2026-01-08 12:24:15,,,,
med:pmid:41335448,med:pmid:41335448:sec:results:sent:11,enalapril,sacubitril_valsartan,,,,,,,,,,,,,,results,NEU,0.0,lexicon_v1,2026-01-08T12:24:15.760319+00:00,2026-01-08 12:24:15,,,,
med:pmid:41335448,med:pmid:41335448:sec:results:sent:12,enalapril,sacubitril_valsartan,compared with,,,,"{""comparative_terms"": [""compared with""]}","[""comparative_terms""]",,,,,comparative,comparative_efficacy,0.8,results,NEU,0.0,lexicon_v1,2026-01-08T12:24:15.760319+00:00,2026-01-08 12:24:15,,,0,missing_efficacy_endpoint
med:pmid:41335448,med:pmid:41335448:sec:results:sent:8,enalapril,sacubitril_valsartan,,,,randomized,"{""study_context"": [""randomized""]}","[""study_context""]",,,,,evidence,clinical_trial,0.7,results,NEU,0.0,lexicon_v1,2026-01-08T12:24:15.760319+00:00,2026-01-08 12:24:15,confirmatory,,1,
med:pmid:41335448,med:pmid:41335448:sec:results:sent:9,enalapril,sacubitril_valsartan,,,,,,,,,,,,,,results,NEU,0.0,lexicon_v1,2026-01-08T12:24:15.760319+00:00,2026-01-08 12:24:15,,,,
med:pmid:41335448,med:pmid:41335448:sec:title:sent:0,enalapril,sacubitril_valsartan,vs,,,"clinical trial, randomized, trial","{""comparative_terms"": [""vs""], ""study_context"": [""clinical trial"", ""randomized"", ""trial""]}","[""comparative_terms"", ""study_context""]",,,,,evidence,clinical_trial,0.7,results,NEG,-1.0,lexicon_v1,2026-01-08T12:24:15.760319+00:00,2026-01-08 12:24:15,confirmatory,,1,
med:pmid:41408894,med:pmid:41408894:sec:results:sent:10,enalapril,sacubitril_valsartan,,,,,,,,,,,,,,results,NEU,0.0,lexicon_v1,2026-01-08T12:24:15.760319+00:00,2026-01-08 12:24:15,,,,
med:pmid:41249923,med:pmid:41249923:sec:results:sent:10,enalapril,sacubitril_valsartan,,combination,,,"{""combination"": [""acei/arb/arni""]}","[""relationship:combination""]",,,,,positioning,combination,0.6499999999999999,results,NEU,0.0,lexicon_v1,2026-01-08T12:24:15.760319+00:00,2026-01-08 12:24:15,,,1,
med:pmid:41249923,med:pmid:41249923:sec:results:sent:12,enalapril,sacubitril_valsartan,,combination,,,"{""combination"": [""acei/arb/arni""]}","[""relationship:combination""]",,,,,positioning,combination,0.6499999999999999,results,POS,1.0,lexicon_v1,2026-01-08T12:24:15.760319+00:00,2026-01-08 12:24:15,,,1,
med:pmid:41249923,med:pmid:41249923:sec:results:sent:14,enalapril,sacubitril_valsartan,,combination,,,"{""combination"": [""acei/arb/arni""]}","[""relationship:combination""]",,,,,positioning,combination,0.6499999999999999,results,POS,1.0,lexicon_v1,2026-01-08T12:24:15.760319+00:00,2026-01-08 12:24:15,,,1,
med:pmid:41303015,med:pmid:41303015:sec:introduction:sent:11,enalapril,sacubitril_valsartan,,combination,,,"{""combination"": [""arni/acei/arb""]}","[""relationship:combination""]",,,,,,,,introduction,NEU,0.0,lexicon_v1,2026-01-08T12:24:15.760319+00:00,2026-01-08 12:24:15,,,,
med:pmid:41303015,med:pmid:41303015:sec:introduction:sent:9,enalapril,sacubitril_valsartan,,,,,,,,,,,,,,introduction,POS,4.0,lexicon_v1,2026-01-08T12:24:15.760319+00:00,2026-01-08 12:24:15,,,,
med:pmid:41377094,med:pmid:41377094:sec:introduction:sent:7,enalapril,sacubitril_valsartan,,combination,,,"{""combination"": [""acei/arb/arni""]}","[""relationship:combination""]",,,,,,,,introduction,NEU,0.0,lexicon_v1,2026-01-08T12:24:15.760319+00:00,2026-01-08 12:24:15,,,,
med:pmid:40839760,med:pmid:40839760:sec:results:sent:5,enalapril,sacubitril_valsartan,vs,,,,"{""comparative_terms"": [""vs""]}","[""comparative_terms""]",,,,,comparative,comparative_efficacy,0.8,results,NEU,0.0,lexicon_v1,2026-01-08T12:24:15.744624+00:00,2026-01-08 12:24:15,,,0,missing_efficacy_endpoint
med:pmid:41287294,med:pmid:41287294:sec:abstract:sent:14,enalapril,sacubitril_valsartan,,combination,,,"{""combination"": [""acei/arb/arni""]}","[""relationship:combination""]",,,,,,,,abstract,NEU,0.0,lexicon_v1,2026-01-08T12:24:15.760319+00:00,2026-01-08 12:24:15,,,,
med:pmid:41287294,med:pmid:41287294:sec:abstract:sent:9,enalapril,sacubitril_valsartan,,combination,,,"{""combination"": [""acei/arb/arni""]}","[""relationship:combination""]",,,,,,,,abstract,NEU,0.0,lexicon_v1,2026-01-08T12:24:15.760319+00:00,2026-01-08 12:24:15,,,,
med:pmid:41151613,med:pmid:41151613:sec:abstract:sent:2,enalapril,sacubitril_valsartan,,,,,,,,,,,,,,abstract,NEU,0.0,lexicon_v1,2026-01-08T12:24:15.760319+00:00,2026-01-08 12:24:15,,,,
med:pmid:41084891,med:pmid:41084891:sec:conclusion:sent:6,enalapril,sacubitril_valsartan,,combination,,registry,"{""combination"": [""arni/acei/arb"", ""gdmt""], ""study_context"": [""registry""], ""real_world_terms"": [""registry""]}","[""relationship:combination"", ""study_context"", ""real_world_terms""]",,,,,positioning,combination,0.85,conclusion,NEU,0.0,lexicon_v1,2026-01-08T12:24:15.760319+00:00,2026-01-08 12:24:15,,,1,
med:pmid:41079061,med:pmid:41079061:sec:results:sent:6,enalapril,sacubitril_valsartan,,combination,,,"{""combination"": [""gdmt""], ""access_terms"": [""affordability""]}","[""relationship:combination"", ""access_terms""]",,,,,positioning,combination,0.85,results,NEU,0.0,lexicon_v1,2026-01-08T12:24:15.744624+00:00,2026-01-08 12:24:15,,,1,
med:pmid:41016569,med:pmid:41016569:sec:conclusion:sent:4,enalapril,sacubitril_valsartan,compared with,,risk,,"{""comparative_terms"": [""compared with""], ""risk_terms"": [""risk""]}","[""comparative_terms"", ""risk_terms""]",,,,,safety,safety_acknowledgment,0.7,conclusion,NEU,0.0,lexicon_v1,2026-01-08T12:24:15.744624+00:00,2026-01-08 12:24:15,,acknowledgment,0,safety_non_claim_context
med:pmid:41016569,med:pmid:41016569:sec:introduction:sent:1,enalapril,sacubitril_valsartan,versus,,,,"{""comparative_terms"": [""versus""]}","[""comparative_terms""]",,,,,,,,methods,NEG,-1.0,lexicon_v1,2026-01-08T12:24:15.744624+00:00,2026-01-08 12:24:15,,,,
med:pmid:41016569,med:pmid:41016569:sec:results:sent:2,enalapril,sacubitril_valsartan,versus,,,,"{""comparative_terms"": [""versus""]}","[""comparative_terms""]",,,,,comparative,comparative_efficacy,0.8,results,NEG,-1.0,lexicon_v1,2026-01-08T12:24:15.744624+00:00,2026-01-08 12:24:15,,,0,missing_efficacy_endpoint
med:pmid:41079587,med:pmid:41079587:sec:conclusion:sent:9,enalapril,sacubitril_valsartan,vs,,risk,,"{""comparative_terms"": [""vs""], ""risk_terms"": [""risk""]}","[""comparative_terms"", ""risk_terms""]",,,,,safety,safety_acknowledgment,0.9,conclusion,NEU,0.0,lexicon_v1,2026-01-08T12:24:15.744624+00:00,2026-01-08 12:24:15,,acknowledgment,0,missing_safety_assertion
med:pmid:41079587,med:pmid:41079587:sec:introduction:sent:2,enalapril,sacubitril_valsartan,,,risk,"cohort, retrospective","{""risk_terms"": [""risk""], ""study_context"": [""cohort"", ""retrospective""], ""endpoint_terms"": [""primary endpoint""], ""real_world_terms"": [""retrospective""]}","[""risk_terms"", ""study_context"", ""endpoint_terms"", ""real_world_terms""]",,,,,,,,methods,NEG,-1.0,lexicon_v1,2026-01-08T12:24:15.760319+00:00,2026-01-08 12:24:15,,,,
med:pmid:41079587,med:pmid:41079587:sec:results:sent:6,enalapril,sacubitril_valsartan,vs,,risk,,"{""comparative_terms"": [""vs""], ""risk_terms"": [""risk""]}","[""comparative_terms"", ""risk_terms""]",,,,,safety,safety_acknowledgment,0.9,results,NEG,-1.0,lexicon_v1,2026-01-08T12:24:15.760319+00:00,2026-01-08 12:24:15,,acknowledgment,0,missing_safety_assertion
med:pmid:41296625,med:pmid:41296625:sec:conclusion:sent:7,enalapril,sacubitril_valsartan,,combination,risk,,"{""combination"": [""acei/arb/arni""], ""risk_terms"": [""risk""], ""risk_posture_terms"": {""acknowledgment"": [""risk of""]}}","[""relationship:combination"", ""risk_terms"", ""risk_posture:acknowledgment""]",,,,,positioning,combination,0.85,conclusion,NEU,0.0,lexicon_v1,2026-01-08T12:24:15.760319+00:00,2026-01-08 12:24:15,,,1,
med:pmid:41296625,med:pmid:41296625:sec:conclusion:sent:8,enalapril,sacubitril_valsartan,,combination,,,"{""combination"": [""acei/arb/arni""]}","[""relationship:combination""]",,,,,positioning,combination,0.85,conclusion,NEU,0.0,lexicon_v1,2026-01-08T12:24:15.760319+00:00,2026-01-08 12:24:15,,,1,
med:pmid:41296625,med:pmid:41296625:sec:methods:sent:3,enalapril,sacubitril_valsartan,,combination,,,"{""combination"": [""acei/arb/arni""]}","[""relationship:combination""]",,,,,,,,methods,NEU,0.0,lexicon_v1,2026-01-08T12:24:15.760319+00:00,2026-01-08 12:24:15,,,,
med:pmid:41296625,med:pmid:41296625:sec:methods:sent:4,enalapril,sacubitril_valsartan,,combination,,,"{""combination"": [""acei/arb/arni""]}","[""relationship:combination""]",,,,,,,,methods,NEU,0.0,lexicon_v1,2026-01-08T12:24:15.760319+00:00,2026-01-08 12:24:15,,,,
med:pmid:41296625,med:pmid:41296625:sec:methods:sent:5,enalapril,sacubitril_valsartan,,combination,,,"{""combination"": [""acei/arb/arni""]}","[""relationship:combination""]",,,,,,,,methods,POS,1.0,lexicon_v1,2026-01-08T12:24:15.760319+00:00,2026-01-08 12:24:15,,,,
med:pmid:41007826,med:pmid:41007826:sec:introduction:sent:1,enalapril,sacubitril_valsartan,,,,,,,,,,,,,,introduction,NEU,0.0,lexicon_v1,2026-01-08T12:24:15.744624+00:00,2026-01-08 12:24:15,,,,
med:pmid:41007826,med:pmid:41007826:sec:introduction:sent:15,enalapril,sacubitril_valsartan,,,,,"{""claim_strength_terms"": {""confirmatory"": [""significant improvement""]}}","[""claim_strength:confirmatory""]",,,,,,,,introduction,POS,1.0,lexicon_v1,2026-01-08T12:24:15.744624+00:00,2026-01-08 12:24:15,,,,
med:pmid:41007826,med:pmid:41007826:sec:introduction:sent:2,enalapril,sacubitril_valsartan,compared with,,,,"{""comparative_terms"": [""compared with""]}","[""comparative_terms""]",,,,,,,,introduction,POS,2.0,lexicon_v1,2026-01-08T12:24:15.744624+00:00,2026-01-08 12:24:15,,,,
med:pmid:41007826,med:pmid:41007826:sec:introduction:sent:5,enalapril,sacubitril_valsartan,,,,,,,,,,,,,,introduction,NEU,0.0,lexicon_v1,2026-01-08T12:24:15.744624+00:00,2026-01-08 12:24:15,,,,
med:pmid:41007826,med:pmid:41007826:sec:title:sent:0,enalapril,sacubitril_valsartan,compared with,,,retrospective,"{""comparative_terms"": [""compared with""], ""study_context"": [""retrospective""], ""real_world_terms"": [""retrospective""]}","[""comparative_terms"", ""study_context"", ""real_world_terms""]",,,,,,,,introduction,NEU,0.0,lexicon_v1,2026-01-08T12:24:15.744624+00:00,2026-01-08 12:24:15,,,,
med:pmid:40916703,med:pmid:40916703:sec:introduction:sent:1,enalapril,sacubitril_valsartan,compared with,,,trial,"{""comparative_terms"": [""compared with""], ""study_context"": [""trial""]}","[""comparative_terms"", ""study_context""]",,,,,,,,introduction,NEU,0.0,lexicon_v1,2026-01-08T12:24:15.744624+00:00,2026-01-08 12:24:15,,,,
med:pmid:40916703,med:pmid:40916703:sec:results:sent:4,enalapril,sacubitril_valsartan,,,,randomized,"{""study_context"": [""randomized""]}","[""study_context""]",,,,,evidence,clinical_trial,0.7,results,NEU,0.0,lexicon_v1,2026-01-08T12:24:15.744624+00:00,2026-01-08 12:24:15,confirmatory,,1,
med:pmid:40916703,med:pmid:40916703:sec:title:sent:0,enalapril,sacubitril_valsartan,versus,,,trial,"{""comparative_terms"": [""versus""], ""study_context"": [""trial""]}","[""comparative_terms"", ""study_context""]",,,,,evidence,clinical_trial,0.7,results,NEG,-1.0,lexicon_v1,2026-01-08T12:24:15.744624+00:00,2026-01-08 12:24:15,,,1,
ppr:doi:10.20944/preprints202509.0619.v1,ppr:doi:10.20944/preprints202509.0619.v1:sec:conclusion:sent:13,enalapril,sacubitril_valsartan,,,,,"{""claim_strength_terms"": {""confirmatory"": [""significant improvement""]}}","[""claim_strength:confirmatory""]",,,,,,,,conclusion,POS,2.0,lexicon_v1,2026-01-08T12:24:15.760319+00:00,2026-01-08 12:24:15,confirmatory,,,
ppr:doi:10.20944/preprints202509.0619.v1,ppr:doi:10.20944/preprints202509.0619.v1:sec:introduction:sent:2,enalapril,sacubitril_valsartan,versus,,,,"{""comparative_terms"": [""versus""]}","[""comparative_terms""]",,,,,,,,introduction,POS,2.0,lexicon_v1,2026-01-08T12:24:15.760319+00:00,2026-01-08 12:24:15,,,,
ppr:doi:10.20944/preprints202509.0619.v1,ppr:doi:10.20944/preprints202509.0619.v1:sec:methods:sent:4,enalapril,sacubitril_valsartan,,,,,,,,,,,,,,methods,NEU,0.0,lexicon_v1,2026-01-08T12:24:15.760319+00:00,2026-01-08 12:24:15,,,,
ppr:doi:10.20944/preprints202509.0619.v1,ppr:doi:10.20944/preprints202509.0619.v1:sec:results:sent:10,enalapril,sacubitril_valsartan,,,,,"{""claim_strength_terms"": {""confirmatory"": [""p=""]}}","[""claim_strength:confirmatory""]",,,,,,,,results,NEU,0.0,lexicon_v1,2026-01-08T12:24:15.760319+00:00,2026-01-08 12:24:15,confirmatory,,,
ppr:doi:10.20944/preprints202509.0619.v1,ppr:doi:10.20944/preprints202509.0619.v1:sec:results:sent:11,enalapril,sacubitril_valsartan,,,,,"{""claim_strength_terms"": {""confirmatory"": [""p=""]}}","[""claim_strength:confirmatory""]",,,,,,,,results,NEU,0.0,lexicon_v1,2026-01-08T12:24:15.760319+00:00,2026-01-08 12:24:15,confirmatory,,,
ppr:doi:10.20944/preprints202509.0619.v1,ppr:doi:10.20944/preprints202509.0619.v1:sec:results:sent:9,enalapril,sacubitril_valsartan,,,,,"{""claim_strength_terms"": {""confirmatory"": [""p="", ""significant improvement""]}}","[""claim_strength:confirmatory""]",,,,,,,,results,POS,1.0,lexicon_v1,2026-01-08T12:24:15.760319+00:00,2026-01-08 12:24:15,confirmatory,,,
ppr:doi:10.20944/preprints202509.0619.v1,ppr:doi:10.20944/preprints202509.0619.v1:sec:title:sent:0,enalapril,sacubitril_valsartan,compared with,,,retrospective,"{""comparative_terms"": [""compared with""], ""study_context"": [""retrospective""], ""real_world_terms"": [""retrospective""]}","[""comparative_terms"", ""study_context"", ""real_world_terms""]",,,,,evidence,real_world,0.72,results,NEU,0.0,lexicon_v1,2026-01-08T12:24:15.760319+00:00,2026-01-08 12:24:15,,,1,
med:pmid:40981086,med:pmid:40981086:sec:abstract:sent:10,enalapril,sacubitril_valsartan,compared to,,,,"{""comparative_terms"": [""compared to""]}","[""comparative_terms""]",,,,,,,,abstract,POS,1.0,lexicon_v1,2026-01-08T12:24:15.744624+00:00,2026-01-08 12:24:15,,,,
med:pmid:40981086,med:pmid:40981086:sec:abstract:sent:12,enalapril,sacubitril_valsartan,compared to,,,,"{""comparative_terms"": [""compared to""]}","[""comparative_terms""]",,,,,,,,abstract,POS,1.0,lexicon_v1,2026-01-08T12:24:15.744624+00:00,2026-01-08 12:24:15,,,,
med:pmid:40908036,med:pmid:40908036:sec:abstract:sent:5,enalapril,sacubitril_valsartan,,,,,,,,,,,,,,abstract,NEU,0.0,lexicon_v1,2026-01-08T12:24:15.744624+00:00,2026-01-08 12:24:15,,,,
med:pmid:41049960,med:pmid:41049960:sec:introduction:sent:1,enalapril,sacubitril_valsartan,,combination,,,"{""combination"": [""gdmt""]}","[""relationship:combination""]",,,,,,,,introduction,NEU,0.0,lexicon_v1,2026-01-08T12:24:15.744624+00:00,2026-01-08 12:24:15,,,,
med:pmid:41049960,med:pmid:41049960:sec:results:sent:11,enalapril,sacubitril_valsartan,,combination,,,"{""combination"": [""acei/arb/arni""], ""endpoint_terms"": [""blood pressure""]}","[""relationship:combination"", ""endpoint_terms""]",,,,,positioning,combination,0.85,results,NEU,0.0,lexicon_v1,2026-01-08T12:24:15.744624+00:00,2026-01-08 12:24:15,,,1,
med:pmid:41070303,med:pmid:41070303:sec:conclusion:sent:10,enalapril,sacubitril_valsartan,,combination,,,"{""combination"": [""combined with""]}","[""relationship:combination""]",add_on,add_on,add_on,"[""combination_with""]",positioning,combination,0.85,conclusion,POS,1.0,lexicon_v1,2026-01-08T12:24:15.744624+00:00,2026-01-08 12:24:15,,,1,
med:pmid:41070303,med:pmid:41070303:sec:introduction:sent:2,enalapril,sacubitril_valsartan,,combination,safety,,"{""combination"": [""combined with""], ""risk_terms"": [""safety""]}","[""relationship:combination"", ""risk_terms""]",add_on,add_on,add_on,"[""combination_with""]",,,,introduction,NEU,0.0,lexicon_v1,2026-01-08T12:24:15.744624+00:00,2026-01-08 12:24:15,,,,
med:pmid:41070303,med:pmid:41070303:sec:methods:sent:4,enalapril,sacubitril_valsartan,,,,,,,,,,,,,,methods,NEU,0.0,lexicon_v1,2026-01-08T12:24:15.744624+00:00,2026-01-08 12:24:15,,,,
med:pmid:41070303,med:pmid:41070303:sec:results:sent:7,enalapril,sacubitril_valsartan,,,,,,,,,,,,,,results,NEU,0.0,lexicon_v1,2026-01-08T12:24:15.744624+00:00,2026-01-08 12:24:15,,,,
med:pmid:41070303,med:pmid:41070303:sec:results:sent:8,enalapril,sacubitril_valsartan,compared to,,,,"{""comparative_terms"": [""compared to""], ""claim_strength_terms"": {""confirmatory"": [""p<""]}}","[""comparative_terms"", ""claim_strength:confirmatory""]",,,,,comparative,comparative_efficacy,0.6,results,POS,1.0,lexicon_v1,2026-01-08T12:24:15.744624+00:00,2026-01-08 12:24:15,confirmatory,,1,
med:pmid:41070303,med:pmid:41070303:sec:title:sent:0,enalapril,sacubitril_valsartan,,combination,safety,,"{""combination"": [""combined with""], ""risk_terms"": [""safety""]}","[""relationship:combination"", ""risk_terms""]",add_on,add_on,add_on,"[""combination_with""]",positioning,combination,0.85,results,NEU,0.0,lexicon_v1,2026-01-08T12:24:15.744624+00:00,2026-01-08 12:24:15,,,1,
med:pmid:41284794,med:pmid:41284794:sec:abstract:sent:8,enalapril,sacubitril_valsartan,,,,,,,,,,,,,,abstract,NEU,0.0,lexicon_v1,2026-01-08T12:24:15.760319+00:00,2026-01-08 12:24:15,,,,
med:pmid:40849246,med:pmid:40849246:sec:introduction:sent:5,enalapril,sacubitril_valsartan,,,,,,,,,,,,,,introduction,NEU,0.0,lexicon_v1,2026-01-08T12:24:15.744624+00:00,2026-01-08 12:24:15,,,,
med:pmid:40849246,med:pmid:40849246:sec:results:sent:8,enalapril,sacubitril_valsartan,compared to,,,,"{""comparative_terms"": [""compared to""]}","[""comparative_terms""]",,,,,comparative,comparative_efficacy,0.6,results,POS,2.0,lexicon_v1,2026-01-08T12:24:15.744624+00:00,2026-01-08 12:24:15,,,1,
med:pmid:40835081,med:pmid:40835081:sec:abstract:sent:8,enalapril,sacubitril_valsartan,vs,combination,,,"{""comparative_terms"": [""vs""], ""combination"": [""acei/arb/arni""]}","[""comparative_terms"", ""relationship:combination""]",,,,,,,,abstract,NEU,0.0,lexicon_v1,2026-01-08T12:24:15.744624+00:00,2026-01-08 12:24:15,,,,
med:pmid:40873622,med:pmid:40873622:sec:conclusion:sent:8,enalapril,sacubitril_valsartan,compared with,,risk,,"{""comparative_terms"": [""compared with""], ""risk_terms"": [""risk""], ""risk_posture_terms"": {""acknowledgment"": [""increased risk"", ""risk of""]}}","[""comparative_terms"", ""risk_terms"", ""risk_posture:acknowledgment""]",,,,,safety,safety_acknowledgment,0.9,conclusion,NEU,0.0,lexicon_v1,2026-01-08T12:24:15.744624+00:00,2026-01-08 12:24:15,,acknowledgment,0,missing_safety_assertion
med:pmid:40873622,med:pmid:40873622:sec:introduction:sent:3,enalapril,sacubitril_valsartan,,,,,,,,,,,,,,introduction,NEU,0.0,lexicon_v1,2026-01-08T12:24:15.744624+00:00,2026-01-08 12:24:15,,,,
med:pmid:40873622,med:pmid:40873622:sec:results:sent:4,enalapril,sacubitril_valsartan,"compared with, vs",,,,"{""comparative_terms"": [""compared with"", ""vs""]}","[""comparative_terms""]",,,,,comparative,comparative_efficacy,0.8,results,POS,1.0,lexicon_v1,2026-01-08T12:24:15.744624+00:00,2026-01-08 12:24:15,,,0,missing_efficacy_endpoint
med:pmid:40397431,med:pmid:40397431:sec:introduction:sent:2,enalapril,sacubitril_valsartan,,,,,,,,,,,,,,introduction,NEU,0.0,lexicon_v1,2026-01-08T12:24:15.728707+00:00,2026-01-08 12:24:15,,,,
med:pmid:40397431,med:pmid:40397431:sec:introduction:sent:7,enalapril,sacubitril_valsartan,,,,,,,,,,,,,,introduction,NEU,0.0,lexicon_v1,2026-01-08T12:24:15.728707+00:00,2026-01-08 12:24:15,,,,
med:pmid:40397431,med:pmid:40397431:sec:introduction:sent:8,enalapril,sacubitril_valsartan,compared with,,risk,,"{""comparative_terms"": [""compared with""], ""risk_terms"": [""risk""], ""risk_posture_terms"": {""acknowledgment"": [""risk of""]}}","[""comparative_terms"", ""risk_terms"", ""risk_posture:acknowledgment""]",,,,,,,,introduction,NEG,-1.0,lexicon_v1,2026-01-08T12:24:15.728707+00:00,2026-01-08 12:24:15,,,,
med:pmid:41126807,med:pmid:41126807:sec:conclusion:sent:12,enalapril,sacubitril_valsartan,,,,,,,,,,,,,,conclusion,NEU,0.0,lexicon_v1,2026-01-08T12:24:15.760319+00:00,2026-01-08 12:24:15,,,,
med:pmid:41126807,med:pmid:41126807:sec:results:sent:7,enalapril,sacubitril_valsartan,,,,,,,,,,,,,,results,NEU,0.0,lexicon_v1,2026-01-08T12:24:15.760319+00:00,2026-01-08 12:24:15,,,,
med:pmid:41126807,med:pmid:41126807:sec:results:sent:9,enalapril,sacubitril_valsartan,,,,,,,,,,,,,,results,POS,1.0,lexicon_v1,2026-01-08T12:24:15.760319+00:00,2026-01-08 12:24:15,,,,
med:pmid:40689605,med:pmid:40689605:sec:conclusion:sent:6,enalapril,sacubitril_valsartan,,,risk,,"{""risk_terms"": [""risk""], ""risk_posture_terms"": {""acknowledgment"": [""albeit with"", ""higher symptomatic""]}}","[""risk_terms"", ""risk_posture:acknowledgment""]",alternative,disfavored,favored,"[""preferred_over""]",safety,safety_acknowledgment,0.7,conclusion,NEU,0.0,lexicon_v1,2026-01-08T12:24:15.744624+00:00,2026-01-08 12:24:15,,acknowledgment,0,safety_non_claim_context
med:pmid:40689605,med:pmid:40689605:sec:methods:sent:3,enalapril,sacubitril_valsartan,versus,,,"meta-analysis, randomized","{""comparative_terms"": [""versus""], ""study_context"": [""meta-analysis"", ""randomized""]}","[""comparative_terms"", ""study_context""]",,,,,,,,methods,NEU,0.0,lexicon_v1,2026-01-08T12:24:15.744624+00:00,2026-01-08 12:24:15,,,,
med:pmid:40660106,med:pmid:40660106:sec:discussion:sent:6,enalapril,sacubitril_valsartan,,,,,,,,,,,,,,discussion,NEU,0.0,lexicon_v1,2026-01-08T12:24:15.744624+00:00,2026-01-08 12:24:15,,,,
med:pmid:40755965,med:pmid:40755965:sec:title:sent:0,enalapril,sacubitril_valsartan,,,,"meta-analysis, review, systematic review","{""study_context"": [""meta-analysis"", ""review"", ""systematic review""]}","[""study_context""]",,,,,,,,title,NEU,0.0,lexicon_v1,2026-01-08T12:24:15.744624+00:00,2026-01-08 12:24:15,,,,
ppr:doi:10.21203/rs.3.rs-6768681/v1,ppr:doi:10.21203/rs.3.rs-6768681/v1:sec:results:sent:10,enalapril,sacubitril_valsartan,,combination,,cohort,"{""combination"": [""acei/arb/arni""], ""study_context"": [""cohort""]}","[""relationship:combination"", ""study_context""]",,,,,positioning,combination,0.85,results,NEU,0.0,lexicon_v1,2026-01-08T12:24:15.760319+00:00,2026-01-08 12:24:15,,,1,
med:pmid:40542996,med:pmid:40542996:sec:results:sent:11,enalapril,sacubitril_valsartan,,combination,,,"{""combination"": [""acei/arb/arni"", ""triple therapy""]}","[""relationship:combination""]",,,,,positioning,combination,0.85,results,NEU,0.0,lexicon_v1,2026-01-08T12:24:15.744624+00:00,2026-01-08 12:24:15,,,1,
med:pmid:40540017,med:pmid:40540017:sec:abstract:sent:8,enalapril,sacubitril_valsartan,,combination,,,"{""combination"": [""acei/arb/arni""]}","[""relationship:combination""]",,,,,,,,abstract,NEU,0.0,lexicon_v1,2026-01-08T12:24:15.744624+00:00,2026-01-08 12:24:15,,,,
med:pmid:40470816,med:pmid:40470816:sec:conclusion:sent:7,enalapril,sacubitril_valsartan,,combination,,real-world,"{""combination"": [""acei/arb/arni"", ""gdmt""], ""study_context"": [""real-world""], ""real_world_terms"": [""real-world""]}","[""relationship:combination"", ""study_context"", ""real_world_terms""]",,,,,positioning,combination,0.6499999999999999,conclusion,NEG,-1.0,lexicon_v1,2026-01-08T12:24:15.744624+00:00,2026-01-08 12:24:15,,,1,
med:pmid:40448468,med:pmid:40448468:sec:introduction:sent:3,enalapril,sacubitril_valsartan,,"add-on therapy, combination",,,"{""combination"": [""acei/arb/arni"", ""gdmt""], ""add-on therapy"": [""added to""]}","[""relationship:add-on therapy"", ""relationship:combination""]",add_on,backbone,add_on,"[""add_on_to""]",,,,introduction,NEU,0.0,lexicon_v1,2026-01-08T12:24:15.744624+00:00,2026-01-08 12:24:15,,,,
med:pmid:40450497,med:pmid:40450497:sec:introduction:sent:1,enalapril,sacubitril_valsartan,vs,,,randomised,"{""comparative_terms"": [""vs""], ""study_context"": [""randomised""]}","[""comparative_terms"", ""study_context""]",,,,,,,,introduction,NEG,-1.0,lexicon_v1,2026-01-08T12:24:15.744624+00:00,2026-01-08 12:24:15,,,,
med:pmid:40418165,med:pmid:40418165:sec:introduction:sent:2,enalapril,sacubitril_valsartan,,,,,,,,,,,,,,introduction,NEU,0.5,lexicon_v1,2026-01-08T12:24:15.744624+00:00,2026-01-08 12:24:15,,,,
med:pmid:40418165,med:pmid:40418165:sec:methods:sent:3,enalapril,sacubitril_valsartan,versus,,safety,"meta-analysis, randomized","{""comparative_terms"": [""versus""], ""risk_terms"": [""safety""], ""study_context"": [""meta-analysis"", ""randomized""]}","[""comparative_terms"", ""risk_terms"", ""study_context""]",,,,,,,,methods,POS,2.0,lexicon_v1,2026-01-08T12:24:15.744624+00:00,2026-01-08 12:24:15,,,,
med:pmid:40389107,med:pmid:40389107:sec:introduction:sent:1,enalapril,sacubitril_valsartan,compared with,,,,"{""comparative_terms"": [""compared with""]}","[""comparative_terms""]",,,,,comparative,comparative_efficacy,0.6,results,NEG,-3.0,lexicon_v1,2026-01-08T12:24:15.728707+00:00,2026-01-08 12:24:15,,,1,
med:pmid:40353367,med:pmid:40353367:sec:discussion:sent:10,enalapril,sacubitril_valsartan,versus,,,,"{""comparative_terms"": [""versus""], ""claim_strength_terms"": {""suggestive"": [""greater reduction""]}}","[""comparative_terms"", ""claim_strength:suggestive""]",,,,,,,,discussion,POS,1.0,lexicon_v1,2026-01-08T12:24:15.728707+00:00,2026-01-08 12:24:15,,,,
med:pmid:40353367,med:pmid:40353367:sec:introduction:sent:1,enalapril,sacubitril_valsartan,,,,trial,"{""study_context"": [""trial""]}","[""study_context""]",,,,,,,,introduction,NEU,0.0,lexicon_v1,2026-01-08T12:24:15.728707+00:00,2026-01-08 12:24:15,,,,
med:pmid:40353367,med:pmid:40353367:sec:results:sent:5,enalapril,sacubitril_valsartan,,,risk,,"{""risk_terms"": [""risk""], ""risk_posture_terms"": {""acknowledgment"": [""risk of""]}}","[""risk_terms"", ""risk_posture:acknowledgment""]",,,,,safety,safety_acknowledgment,0.9,results,NEG,-1.0,lexicon_v1,2026-01-08T12:24:15.728707+00:00,2026-01-08 12:24:15,,acknowledgment,0,missing_safety_assertion
med:pmid:40319618,med:pmid:40319618:sec:conclusion:sent:10,enalapril,sacubitril_valsartan,compared with,,,,"{""comparative_terms"": [""compared with""]}","[""comparative_terms""]",,,,,comparative,comparative_efficacy,0.6,conclusion,NEU,0.0,lexicon_v1,2026-01-08T12:24:15.728707+00:00,2026-01-08 12:24:15,,,1,
med:pmid:40319618,med:pmid:40319618:sec:introduction:sent:1,enalapril,sacubitril_valsartan,,,,,,,,,,,,,,methods,NEU,0.0,lexicon_v1,2026-01-08T12:24:15.728707+00:00,2026-01-08 12:24:15,,,,
med:pmid:40319618,med:pmid:40319618:sec:results:sent:6,enalapril,sacubitril_valsartan,compared with,,,,"{""comparative_terms"": [""compared with""]}","[""comparative_terms""]",,,,,comparative,comparative_efficacy,0.6,results,NEU,0.0,lexicon_v1,2026-01-08T12:24:15.728707+00:00,2026-01-08 12:24:15,,,1,
med:pmid:40332281,med:pmid:40332281:sec:conclusion:sent:12,enalapril,sacubitril_valsartan,,combination,,,"{""combination"": [""gdmt""]}","[""relationship:combination""]",,,,,positioning,combination,0.85,conclusion,POS,1.0,lexicon_v1,2026-01-08T12:24:15.728707+00:00,2026-01-08 12:24:15,,,1,
med:pmid:40332281,med:pmid:40332281:sec:results:sent:10,enalapril,sacubitril_valsartan,,combination,,,"{""combination"": [""gdmt""]}","[""relationship:combination""]",,,,,positioning,combination,0.85,results,NEU,0.0,lexicon_v1,2026-01-08T12:24:15.728707+00:00,2026-01-08 12:24:15,,,1,
med:pmid:40332281,med:pmid:40332281:sec:results:sent:8,enalapril,sacubitril_valsartan,,,,,,,,,,,,,,results,NEU,0.0,lexicon_v1,2026-01-08T12:24:15.728707+00:00,2026-01-08 12:24:15,,,,
med:pmid:40332281,med:pmid:40332281:sec:results:sent:9,enalapril,sacubitril_valsartan,,combination,,,"{""combination"": [""gdmt""]}","[""relationship:combination""]",,,,,positioning,combination,0.85,results,NEU,0.0,lexicon_v1,2026-01-08T12:24:15.728707+00:00,2026-01-08 12:24:15,,,1,
med:pmid:40295134,med:pmid:40295134:sec:introduction:sent:3,enalapril,sacubitril_valsartan,,switching,,,"{""switching"": [""switched to""]}","[""relationship:switching""]",switch,switch_source,switch_destination,"[""switch_to""]",,,,introduction,NEU,0.0,lexicon_v1,2026-01-08T12:24:15.728707+00:00,2026-01-08 12:24:15,,,,
med:pmid:40268473,med:pmid:40268473:sec:introduction:sent:1,enalapril,sacubitril_valsartan,,switching,,randomized,"{""switching"": [""switching from""], ""study_context"": [""randomized""]}","[""relationship:switching"", ""study_context""]",switch,switch_destination,switch_source,"[""switch_from""]",positioning,switching,0.49999999999999994,results,NEG,-1.0,lexicon_v1,2026-01-08T12:24:15.728707+00:00,2026-01-08 12:24:15,confirmatory,,1,
med:pmid:40265590,med:pmid:40265590:sec:introduction:sent:2,enalapril,sacubitril_valsartan,,,safety,,"{""risk_terms"": [""safety""]}","[""risk_terms""]",,,,,,,,introduction,NEU,0.0,lexicon_v1,2026-01-08T12:24:15.728707+00:00,2026-01-08 12:24:15,,,,
med:pmid:40265590,med:pmid:40265590:sec:results:sent:3,enalapril,sacubitril_valsartan,,,,randomized,"{""study_context"": [""randomized""], ""claim_strength_terms"": {""suggestive"": [""post hoc""]}}","[""study_context"", ""claim_strength:suggestive""]",,,,,evidence,clinical_trial,0.7,results,POS,1.0,lexicon_v1,2026-01-08T12:24:15.728707+00:00,2026-01-08 12:24:15,suggestive,,1,
med:pmid:40265590,med:pmid:40265590:sec:results:sent:8,enalapril,sacubitril_valsartan,compared with,,risk,,"{""comparative_terms"": [""compared with""], ""risk_terms"": [""risk""], ""risk_posture_terms"": {""acknowledgment"": [""risk of""]}}","[""comparative_terms"", ""risk_terms"", ""risk_posture:acknowledgment""]",,,,,safety,safety_acknowledgment,0.7,results,NEU,0.0,lexicon_v1,2026-01-08T12:24:15.728707+00:00,2026-01-08 12:24:15,,acknowledgment,0,safety_non_claim_context
med:pmid:40266448,med:pmid:40266448:sec:conclusion:sent:12,enalapril,sacubitril_valsartan,compared to,,,,"{""comparative_terms"": [""compared to""]}","[""comparative_terms""]",,,,,comparative,comparative_efficacy,0.6,conclusion,NEU,0.0,lexicon_v1,2026-01-08T12:24:15.728707+00:00,2026-01-08 12:24:15,,,1,
med:pmid:40266448,med:pmid:40266448:sec:methods:sent:4,enalapril,sacubitril_valsartan,,,,,,,,,,,,,,methods,NEU,0.0,lexicon_v1,2026-01-08T12:24:15.728707+00:00,2026-01-08 12:24:15,,,,
med:pmid:41080832,med:pmid:41080832:sec:abstract:sent:6,enalapril,sacubitril_valsartan,,,,,"{""claim_strength_terms"": {""suggestive"": [""secondary endpoints""]}}","[""claim_strength:suggestive""]",,,,,,,,abstract,NEU,0.0,lexicon_v1,2026-01-08T12:24:15.760319+00:00,2026-01-08 12:24:15,,,,
med:pmid:40283370,med:pmid:40283370:sec:introduction:sent:2,enalapril,sacubitril_valsartan,compared to,,,,"{""comparative_terms"": [""compared to""]}","[""comparative_terms""]",,,,,,,,introduction,NEG,-1.0,lexicon_v1,2026-01-08T12:24:15.728707+00:00,2026-01-08 12:24:15,,,,
med:pmid:40188960,med:pmid:40188960:sec:conclusion:sent:5,enalapril,sacubitril_valsartan,,,,,,,,,,,,,,conclusion,NEU,0.0,lexicon_v1,2026-01-08T12:24:15.728707+00:00,2026-01-08 12:24:15,,,,
med:pmid:40188960,med:pmid:40188960:sec:conclusion:sent:6,enalapril,sacubitril_valsartan,,,,,"{""claim_strength_terms"": {""exploratory"": [""might improve""]}}","[""claim_strength:exploratory""]",,,,,,,,conclusion,NEU,0.5,lexicon_v1,2026-01-08T12:24:15.728707+00:00,2026-01-08 12:24:15,exploratory,,,
med:pmid:40718065,med:pmid:40718065:sec:conclusion:sent:9,enalapril,sacubitril_valsartan,compared to,combination,,,"{""comparative_terms"": [""compared to""], ""combination"": [""acei/arb/arni"", ""triple therapy""], ""claim_strength_terms"": {""confirmatory"": [""p=""]}}","[""comparative_terms"", ""relationship:combination"", ""claim_strength:confirmatory""]",,,,,positioning,combination,0.85,conclusion,POS,1.0,lexicon_v1,2026-01-08T12:24:15.744624+00:00,2026-01-08 12:24:15,confirmatory,,1,
med:pmid:40101251,med:pmid:40101251:sec:results:sent:11,enalapril,sacubitril_valsartan,,combination,,,"{""combination"": [""acei/arb/arni""]}","[""relationship:combination""]",,,,,positioning,combination,0.85,results,NEU,0.0,lexicon_v1,2026-01-08T12:24:15.728707+00:00,2026-01-08 12:24:15,,,1,
med:pmid:40091512,med:pmid:40091512:sec:results:sent:6,enalapril,sacubitril_valsartan,,combination,,,"{""combination"": [""acei/arb/arni""]}","[""relationship:combination""]",,,,,positioning,combination,0.85,results,NEU,0.0,lexicon_v1,2026-01-08T12:24:15.728707+00:00,2026-01-08 12:24:15,,,1,
ppr:doi:10.1101/2025.03.12.25323680,ppr:doi:10.1101/2025.03.12.25323680:sec:results:sent:7,enalapril,sacubitril_valsartan,,,,,"{""claim_strength_terms"": {""confirmatory"": [""statistically significant""]}}","[""claim_strength:confirmatory""]",,,,,,,,results,POS,1.0,lexicon_v1,2026-01-08T12:24:15.760319+00:00,2026-01-08 12:24:15,confirmatory,,,
med:pmid:39661383,med:pmid:39661383:sec:conclusion:sent:12,enalapril,sacubitril_valsartan,,,,,,,,,,,,,,results,POS,1.0,lexicon_v1,2026-01-08T12:24:15.713008+00:00,2026-01-08 12:24:15,,,,
med:pmid:39661383,med:pmid:39661383:sec:introduction:sent:4,enalapril,sacubitril_valsartan,,,,,,,,,,,,,,introduction,NEU,0.0,lexicon_v1,2026-01-08T12:24:15.713008+00:00,2026-01-08 12:24:15,,,,
med:pmid:39661383,med:pmid:39661383:sec:introduction:sent:7,enalapril,sacubitril_valsartan,vs,,,trial,"{""comparative_terms"": [""vs""], ""study_context"": [""trial""]}","[""comparative_terms"", ""study_context""]",,,,,,,,introduction,NEG,-2.0,lexicon_v1,2026-01-08T12:24:15.713008+00:00,2026-01-08 12:24:15,,,,
med:pmid:39661383,med:pmid:39661383:sec:results:sent:10,enalapril,sacubitril_valsartan,,,,,,,,,,,,,,results,POS,1.0,lexicon_v1,2026-01-08T12:24:15.713008+00:00,2026-01-08 12:24:15,,,,
med:pmid:39661383,med:pmid:39661383:sec:results:sent:11,enalapril,sacubitril_valsartan,compared with,,,,"{""comparative_terms"": [""compared with""]}","[""comparative_terms""]",,,,,comparative,comparative_efficacy,0.8,results,POS,1.0,lexicon_v1,2026-01-08T12:24:15.713008+00:00,2026-01-08 12:24:15,,,0,missing_efficacy_endpoint
med:pmid:40115097,med:pmid:40115097:sec:results:sent:5,enalapril,sacubitril_valsartan,"compared to, vs",combination,,review,"{""comparative_terms"": [""compared to"", ""vs""], ""combination"": [""acei/arb/arni""], ""study_context"": [""review""], ""claim_strength_terms"": {""confirmatory"": [""p=""]}}","[""comparative_terms"", ""relationship:combination"", ""study_context"", ""claim_strength:confirmatory""]",,,,,positioning,combination,0.6499999999999999,results,NEU,0.0,lexicon_v1,2026-01-08T12:24:15.728707+00:00,2026-01-08 12:24:15,confirmatory,,1,
med:pmid:39983618,med:pmid:39983618:sec:conclusion:sent:11,enalapril,sacubitril_valsartan,,,,,,,,,,,,,,conclusion,NEU,0.0,lexicon_v1,2026-01-08T12:24:15.728707+00:00,2026-01-08 12:24:15,,,,
med:pmid:39983618,med:pmid:39983618:sec:introduction:sent:2,enalapril,sacubitril_valsartan,,,,,,,,,,,,,,introduction,NEU,0.0,lexicon_v1,2026-01-08T12:24:15.728707+00:00,2026-01-08 12:24:15,,,,
med:pmid:39983618,med:pmid:39983618:sec:methods:sent:3,enalapril,sacubitril_valsartan,,,,randomized,"{""study_context"": [""randomized""]}","[""study_context""]",,,,,,,,methods,NEU,0.0,lexicon_v1,2026-01-08T12:24:15.728707+00:00,2026-01-08 12:24:15,,,,
med:pmid:39983618,med:pmid:39983618:sec:results:sent:6,enalapril,sacubitril_valsartan,,,,,,,,,,,,,,results,NEU,0.0,lexicon_v1,2026-01-08T12:24:15.728707+00:00,2026-01-08 12:24:15,,,,
med:pmid:39983618,med:pmid:39983618:sec:results:sent:8,enalapril,sacubitril_valsartan,compared to,,,,"{""comparative_terms"": [""compared to""]}","[""comparative_terms""]",,,,,comparative,comparative_efficacy,0.8,results,POS,1.0,lexicon_v1,2026-01-08T12:24:15.728707+00:00,2026-01-08 12:24:15,,,0,missing_efficacy_endpoint
med:pmid:39983618,med:pmid:39983618:sec:title:sent:0,enalapril,sacubitril_valsartan,,,,"randomized, randomized controlled trial, trial","{""study_context"": [""randomized"", ""randomized controlled trial"", ""trial""]}","[""study_context""]",,,,,evidence,clinical_trial,0.7,results,NEU,0.0,lexicon_v1,2026-01-08T12:24:15.728707+00:00,2026-01-08 12:24:15,confirmatory,,1,
med:pmid:39970741,med:pmid:39970741:sec:title:sent:0,enalapril,sacubitril_valsartan,vs,,,"meta-analysis, randomized, review, systematic review","{""comparative_terms"": [""vs""], ""study_context"": [""meta-analysis"", ""randomized"", ""review"", ""systematic review""]}","[""comparative_terms"", ""study_context""]",,,,,,,,title,NEU,0.0,lexicon_v1,2026-01-08T12:24:15.728707+00:00,2026-01-08 12:24:15,,,,
med:pmid:40486108,med:pmid:40486108:sec:results:sent:7,enalapril,sacubitril_valsartan,,,,,,,,,,,,,,results,POS,1.0,lexicon_v1,2026-01-08T12:24:15.744624+00:00,2026-01-08 12:24:15,,,,
med:pmid:39939202,med:pmid:39939202:sec:results:sent:7,enalapril,sacubitril_valsartan,vs,,,,"{""comparative_terms"": [""vs""], ""claim_strength_terms"": {""confirmatory"": [""p<""]}}","[""comparative_terms"", ""claim_strength:confirmatory""]",,,,,comparative,comparative_efficacy,0.6000000000000001,results,NEU,0.0,lexicon_v1,2026-01-08T12:24:15.728707+00:00,2026-01-08 12:24:15,confirmatory,,0,missing_efficacy_endpoint
med:pmid:39939202,med:pmid:39939202:sec:results:sent:9,enalapril,sacubitril_valsartan,,,,,,,,,,,,,,results,POS,1.0,lexicon_v1,2026-01-08T12:24:15.728707+00:00,2026-01-08 12:24:15,,,,
med:pmid:39922597,med:pmid:39922597:sec:conclusion:sent:5,enalapril,sacubitril_valsartan,,combination,risk,,"{""combination"": [""acei/arb/arni""], ""risk_terms"": [""risk""], ""risk_posture_terms"": {""acknowledgment"": [""higher risk"", ""risk of""]}, ""claim_strength_terms"": {""confirmatory"": [""p<""]}}","[""relationship:combination"", ""risk_terms"", ""risk_posture:acknowledgment"", ""claim_strength:confirmatory""]",,,,,positioning,combination,0.6499999999999999,conclusion,NEU,0.0,lexicon_v1,2026-01-08T12:24:15.728707+00:00,2026-01-08 12:24:15,confirmatory,,1,
med:pmid:39922597,med:pmid:39922597:sec:introduction:sent:4,enalapril,sacubitril_valsartan,,combination,risk,,"{""combination"": [""acei/arb/arni""], ""risk_terms"": [""risk""], ""risk_posture_terms"": {""acknowledgment"": [""risk of""]}, ""claim_strength_terms"": {""confirmatory"": [""p<""]}}","[""relationship:combination"", ""risk_terms"", ""risk_posture:acknowledgment"", ""claim_strength:confirmatory""]",,,,,,,,introduction,NEG,-1.0,lexicon_v1,2026-01-08T12:24:15.728707+00:00,2026-01-08 12:24:15,,,,
med:pmid:39888167,med:pmid:39888167:sec:conclusion:sent:6,enalapril,sacubitril_valsartan,compared with,,,cohort,"{""comparative_terms"": [""compared with""], ""study_context"": [""cohort""]}","[""comparative_terms"", ""study_context""]",,,,,comparative,comparative_efficacy,0.39999999999999997,conclusion,NEU,0.0,lexicon_v1,2026-01-08T12:24:15.728707+00:00,2026-01-08 12:24:15,,,1,
med:pmid:39888167,med:pmid:39888167:sec:methods:sent:2,enalapril,sacubitril_valsartan,versus,,,"cohort, retrospective","{""comparative_terms"": [""versus""], ""study_context"": [""cohort"", ""retrospective""], ""real_world_terms"": [""retrospective""]}","[""comparative_terms"", ""study_context"", ""real_world_terms""]",,,,,,,,methods,NEU,0.0,lexicon_v1,2026-01-08T12:24:15.728707+00:00,2026-01-08 12:24:15,,,,
med:pmid:39888167,med:pmid:39888167:sec:results:sent:3,enalapril,sacubitril_valsartan,,,,cohort,"{""study_context"": [""cohort""], ""endpoint_terms"": [""primary endpoint""], ""claim_strength_terms"": {""suggestive"": [""secondary endpoints""]}}","[""study_context"", ""endpoint_terms"", ""claim_strength:suggestive""]",,,,,evidence,clinical_context,0.7,results,NEU,0.0,lexicon_v1,2026-01-08T12:24:15.728707+00:00,2026-01-08 12:24:15,suggestive,,1,
med:pmid:39864551,med:pmid:39864551:sec:conclusion:sent:9,enalapril,sacubitril_valsartan,superior,,"adverse events, risk, safety, safety profile, serious, serious adverse events",,"{""comparative_terms"": [""superior""], ""risk_terms"": [""adverse events"", ""risk"", ""safety"", ""safety profile"", ""serious"", ""serious adverse events""], ""endpoint_terms"": [""blood pressure""], ""risk_posture_terms"": {""acknowledgment"": [""risk of""], ""minimization"": [""minimal risk""], ""reassurance"": [""favorable safety profile""]}, ""claim_strength_terms"": {""exploratory"": [""promising""]}}","[""comparative_terms"", ""risk_terms"", ""endpoint_terms"", ""risk_posture:acknowledgment"", ""risk_posture:minimization"", ""risk_posture:reassurance"", ""claim_strength:exploratory""]",,,,,comparative,comparative_safety,0.9,conclusion,NEU,0.0,lexicon_v1,2026-01-08T12:24:15.728707+00:00,2026-01-08 12:24:15,exploratory,,1,
med:pmid:39792134,med:pmid:39792134:sec:introduction:sent:1,enalapril,sacubitril_valsartan,versus,,safety,"double-blind, randomized, randomized controlled trial, trial","{""comparative_terms"": [""versus""], ""risk_terms"": [""safety""], ""study_context"": [""double-blind"", ""randomized"", ""randomized controlled trial"", ""trial""]}","[""comparative_terms"", ""risk_terms"", ""study_context""]",,,,,evidence,clinical_trial,0.7,results,NEU,0.0,lexicon_v1,2026-01-08T12:24:15.728707+00:00,2026-01-08 12:24:15,confirmatory,,1,
med:pmid:40463763,med:pmid:40463763:sec:methods:sent:5,enalapril,sacubitril_valsartan,,,,,,,,,,,,,,methods,NEU,0.0,lexicon_v1,2026-01-08T12:24:15.744624+00:00,2026-01-08 12:24:15,,,,
med:pmid:40463763,med:pmid:40463763:sec:results:sent:7,enalapril,sacubitril_valsartan,compared to,,,,"{""comparative_terms"": [""compared to""], ""claim_strength_terms"": {""confirmatory"": [""significant reduction""]}}","[""comparative_terms"", ""claim_strength:confirmatory""]",,,,,comparative,comparative_efficacy,0.8,results,POS,1.0,lexicon_v1,2026-01-08T12:24:15.744624+00:00,2026-01-08 12:24:15,confirmatory,,0,missing_efficacy_endpoint
med:pmid:40463763,med:pmid:40463763:sec:results:sent:8,enalapril,sacubitril_valsartan,compared to,,,,"{""comparative_terms"": [""compared to""], ""claim_strength_terms"": {""confirmatory"": [""significant improvement""]}}","[""comparative_terms"", ""claim_strength:confirmatory""]",,,,,comparative,comparative_efficacy,0.6,results,POS,1.0,lexicon_v1,2026-01-08T12:24:15.744624+00:00,2026-01-08 12:24:15,confirmatory,,1,
med:pmid:39720381,med:pmid:39720381:sec:abstract:sent:6,enalapril,sacubitril_valsartan,,,,,,,,,,,,,,abstract,NEU,0.0,lexicon_v1,2026-01-08T12:24:15.713008+00:00,2026-01-08 12:24:15,,,,
med:pmid:39563094,med:pmid:39563094:sec:conclusion:sent:11,enalapril,sacubitril_valsartan,compared to,,risk,,"{""comparative_terms"": [""compared to""], ""risk_terms"": [""risk""], ""risk_posture_terms"": {""acknowledgment"": [""risk of""]}}","[""comparative_terms"", ""risk_terms"", ""risk_posture:acknowledgment""]",alternative,disfavored,favored,"[""preferred_over""]",safety,safety_acknowledgment,0.9,conclusion,NEU,0.0,lexicon_v1,2026-01-08T12:24:15.713008+00:00,2026-01-08 12:24:15,,acknowledgment,0,missing_safety_assertion
med:pmid:39563094,med:pmid:39563094:sec:results:sent:10,enalapril,sacubitril_valsartan,versus,,safety,,"{""comparative_terms"": [""versus""], ""risk_terms"": [""safety""]}","[""comparative_terms"", ""risk_terms""]",,,,,safety,safety_acknowledgment,0.9,results,POS,1.0,lexicon_v1,2026-01-08T12:24:15.713008+00:00,2026-01-08 12:24:15,,acknowledgment,0,missing_safety_assertion
med:pmid:39563094,med:pmid:39563094:sec:results:sent:3,enalapril,sacubitril_valsartan,compared to,,,,"{""comparative_terms"": [""compared to""]}","[""comparative_terms""]",,,,,comparative,comparative_efficacy,0.8,results,NEU,0.0,lexicon_v1,2026-01-08T12:24:15.713008+00:00,2026-01-08 12:24:15,,,0,missing_efficacy_endpoint
med:pmid:39210725,med:pmid:39210725:sec:introduction:sent:5,enalapril,sacubitril_valsartan,,,,"randomized, trial","{""study_context"": [""randomized"", ""trial""]}","[""study_context""]",,,,,,,,introduction,NEU,0.0,lexicon_v1,2026-01-08T12:24:15.713008+00:00,2026-01-08 12:24:15,,,,
med:pmid:39210725,med:pmid:39210725:sec:methods:sent:6,enalapril,sacubitril_valsartan,vs,,,,"{""comparative_terms"": [""vs""]}","[""comparative_terms""]",,,,,,,,methods,NEU,0.0,lexicon_v1,2026-01-08T12:24:15.713008+00:00,2026-01-08 12:24:15,,,,
med:pmid:39439294,med:pmid:39439294:sec:results:sent:3,enalapril,sacubitril_valsartan,versus,,,randomized,"{""comparative_terms"": [""versus""], ""study_context"": [""randomized""]}","[""comparative_terms"", ""study_context""]",,,,,comparative,comparative_efficacy,0.6,results,NEU,0.0,lexicon_v1,2026-01-08T12:24:15.713008+00:00,2026-01-08 12:24:15,confirmatory,,1,
med:pmid:39544776,med:pmid:39544776:sec:introduction:sent:1,enalapril,sacubitril_valsartan,compared to,,,,"{""comparative_terms"": [""compared to""]}","[""comparative_terms""]",,,,,,,,introduction,NEG,-1.0,lexicon_v1,2026-01-08T12:24:15.713008+00:00,2026-01-08 12:24:15,,,,
med:pmid:39544776,med:pmid:39544776:sec:methods:sent:3,enalapril,sacubitril_valsartan,,,,,,,,,,,,,,methods,NEU,0.0,lexicon_v1,2026-01-08T12:24:15.713008+00:00,2026-01-08 12:24:15,,,,
med:pmid:38330576,med:pmid:38330576:sec:conclusion:sent:18,enalapril,sacubitril_valsartan,,,,,,,,,,,,,,conclusion,NEU,0.0,lexicon_v1,2026-01-08T12:24:15.713008+00:00,2026-01-08 12:24:15,,,,
med:pmid:38330576,med:pmid:38330576:sec:title:sent:0,enalapril,sacubitril_valsartan,,,,,,,,,,,,,,conclusion,NEU,0.0,lexicon_v1,2026-01-08T12:24:15.713008+00:00,2026-01-08 12:24:15,,,,
med:pmid:39319469,med:pmid:39319469:sec:conclusion:sent:11,enalapril,sacubitril_valsartan,,,,,,,,,,,,,,conclusion,NEU,0.0,lexicon_v1,2026-01-08T12:24:15.713008+00:00,2026-01-08 12:24:15,,,,
med:pmid:39319469,med:pmid:39319469:sec:introduction:sent:3,enalapril,sacubitril_valsartan,versus,,safety,"double-blind, randomized, trial","{""comparative_terms"": [""versus""], ""risk_terms"": [""safety""], ""study_context"": [""double-blind"", ""randomized"", ""trial""]}","[""comparative_terms"", ""risk_terms"", ""study_context""]",,,,,,,,introduction,POS,2.0,lexicon_v1,2026-01-08T12:24:15.713008+00:00,2026-01-08 12:24:15,,,,
med:pmid:39319469,med:pmid:39319469:sec:methods:sent:4,enalapril,sacubitril_valsartan,versus,,safety,randomized,"{""comparative_terms"": [""versus""], ""risk_terms"": [""safety""], ""study_context"": [""randomized""]}","[""comparative_terms"", ""risk_terms"", ""study_context""]",,,,,,,,methods,POS,2.0,lexicon_v1,2026-01-08T12:24:15.713008+00:00,2026-01-08 12:24:15,,,,
med:pmid:39319469,med:pmid:39319469:sec:results:sent:7,enalapril,sacubitril_valsartan,,,,randomized,"{""study_context"": [""randomized""]}","[""study_context""]",,,,,evidence,clinical_trial,0.7,results,NEU,0.0,lexicon_v1,2026-01-08T12:24:15.713008+00:00,2026-01-08 12:24:15,confirmatory,,1,
med:pmid:39320292,med:pmid:39320292:sec:conclusion:sent:12,enalapril,sacubitril_valsartan,,,,,,,,,,,,,,conclusion,NEU,0.0,lexicon_v1,2026-01-08T12:24:15.713008+00:00,2026-01-08 12:24:15,,,,
med:pmid:39320292,med:pmid:39320292:sec:methods:sent:3,enalapril,sacubitril_valsartan,compared to,,safety,,"{""comparative_terms"": [""compared to""], ""risk_terms"": [""safety""], ""claim_strength_terms"": {""suggestive"": [""post hoc""]}}","[""comparative_terms"", ""risk_terms"", ""claim_strength:suggestive""]",,,,,,,,methods,POS,2.0,lexicon_v1,2026-01-08T12:24:15.713008+00:00,2026-01-08 12:24:15,,,,
med:pmid:39320292,med:pmid:39320292:sec:results:sent:10,enalapril,sacubitril_valsartan,vs,,safety,,"{""comparative_terms"": [""vs""], ""risk_terms"": [""safety""]}","[""comparative_terms"", ""risk_terms""]",,,,,safety,safety_acknowledgment,0.9,results,POS,1.0,lexicon_v1,2026-01-08T12:24:15.713008+00:00,2026-01-08 12:24:15,,acknowledgment,0,missing_safety_assertion
med:pmid:39320292,med:pmid:39320292:sec:results:sent:11,enalapril,sacubitril_valsartan,vs,,,randomized,"{""comparative_terms"": [""vs""], ""study_context"": [""randomized""]}","[""comparative_terms"", ""study_context""]",,,,,comparative,comparative_efficacy,0.6,results,NEU,0.0,lexicon_v1,2026-01-08T12:24:15.713008+00:00,2026-01-08 12:24:15,confirmatory,,1,
med:pmid:39320292,med:pmid:39320292:sec:results:sent:9,enalapril,sacubitril_valsartan,"compared to, vs",,,,"{""comparative_terms"": [""compared to"", ""vs""], ""claim_strength_terms"": {""confirmatory"": [""p<""]}}","[""comparative_terms"", ""claim_strength:confirmatory""]",,,,,comparative,comparative_efficacy,0.39999999999999997,results,NEU,0.0,lexicon_v1,2026-01-08T12:24:15.713008+00:00,2026-01-08 12:24:15,confirmatory,,1,
med:pmid:39284545,med:pmid:39284545:sec:conclusion:sent:9,enalapril,sacubitril_valsartan,versus,,"aes, risk",,"{""comparative_terms"": [""versus""], ""risk_terms"": [""aes"", ""risk""], ""risk_posture_terms"": {""acknowledgment"": [""risk of""]}}","[""comparative_terms"", ""risk_terms"", ""risk_posture:acknowledgment""]",,,,,comparative,comparative_efficacy,0.6,conclusion,POS,1.0,lexicon_v1,2026-01-08T12:24:15.713008+00:00,2026-01-08 12:24:15,,,1,
med:pmid:39284545,med:pmid:39284545:sec:introduction:sent:1,enalapril,sacubitril_valsartan,"similar to, versus",,,trial,"{""comparative_terms"": [""similar to"", ""versus""], ""study_context"": [""trial""]}","[""comparative_terms"", ""study_context""]",,,,,,,,introduction,NEU,0.0,lexicon_v1,2026-01-08T12:24:15.713008+00:00,2026-01-08 12:24:15,,,,
med:pmid:39284545,med:pmid:39284545:sec:methods:sent:3,enalapril,sacubitril_valsartan,,,"adverse events, aes",,"{""risk_terms"": [""adverse events"", ""aes""], ""claim_strength_terms"": {""suggestive"": [""post-hoc""]}}","[""risk_terms"", ""claim_strength:suggestive""]",,,,,,,,methods,NEU,0.0,lexicon_v1,2026-01-08T12:24:15.713008+00:00,2026-01-08 12:24:15,,,,
med:pmid:39284545,med:pmid:39284545:sec:results:sent:4,enalapril,sacubitril_valsartan,versus,,aes,,"{""comparative_terms"": [""versus""], ""risk_terms"": [""aes""]}","[""comparative_terms"", ""risk_terms""]",,,,,safety,safety_acknowledgment,0.7,results,NEU,0.0,lexicon_v1,2026-01-08T12:24:15.713008+00:00,2026-01-08 12:24:15,,acknowledgment,0,missing_safety_assertion
med:pmid:39284545,med:pmid:39284545:sec:results:sent:7,enalapril,sacubitril_valsartan,"versus, vs",,aes,,"{""comparative_terms"": [""versus"", ""vs""], ""risk_terms"": [""aes""]}","[""comparative_terms"", ""risk_terms""]",,,,,safety,safety_acknowledgment,0.9,results,NEU,0.0,lexicon_v1,2026-01-08T12:24:15.713008+00:00,2026-01-08 12:24:15,,acknowledgment,0,missing_safety_assertion
med:pmid:39284545,med:pmid:39284545:sec:results:sent:8,enalapril,sacubitril_valsartan,versus,,"aes, risk",,"{""comparative_terms"": [""versus""], ""risk_terms"": [""aes"", ""risk""], ""risk_posture_terms"": {""acknowledgment"": [""risk of""]}}","[""comparative_terms"", ""risk_terms"", ""risk_posture:acknowledgment""]",,,,,comparative,comparative_efficacy,0.6,results,NEU,0.0,lexicon_v1,2026-01-08T12:24:15.713008+00:00,2026-01-08 12:24:15,,,1,
med:pmid:39284545,med:pmid:39284545:sec:title:sent:0,enalapril,sacubitril_valsartan,,,"adverse events, risk",,"{""risk_terms"": [""adverse events"", ""risk""]}","[""risk_terms""]",,,,,safety,safety_acknowledgment,0.9,results,NEG,-3.0,lexicon_v1,2026-01-08T12:24:15.713008+00:00,2026-01-08 12:24:15,,acknowledgment,0,missing_safety_assertion
med:pmid:39262640,med:pmid:39262640:sec:results:sent:3,enalapril,sacubitril_valsartan,,,,randomized,"{""study_context"": [""randomized""]}","[""study_context""]",,,,,evidence,clinical_trial,0.7,results,POS,1.0,lexicon_v1,2026-01-08T12:24:15.713008+00:00,2026-01-08 12:24:15,confirmatory,,1,
med:pmid:39111953,med:pmid:39111953:sec:abstract:sent:3,enalapril,sacubitril_valsartan,vs,add-on therapy,,"phase, phase iv, randomized, trial","{""comparative_terms"": [""vs""], ""add-on therapy"": [""added to""], ""study_context"": [""phase"", ""phase iv"", ""randomized"", ""trial""], ""trial_phase_terms"": [""phase iv""]}","[""comparative_terms"", ""relationship:add-on therapy"", ""study_context"", ""trial_phase_terms""]",add_on,add_on,backbone,"[""add_on_to""]",,,,abstract,NEU,0.0,lexicon_v1,2026-01-08T12:24:15.713008+00:00,2026-01-08 12:24:15,,,,
med:pmid:39111953,med:pmid:39111953:sec:abstract:sent:7,enalapril,sacubitril_valsartan,compared with,,safety,,"{""comparative_terms"": [""compared with""], ""risk_terms"": [""safety""]}","[""comparative_terms"", ""risk_terms""]",,,,,,,,abstract,POS,2.0,lexicon_v1,2026-01-08T12:24:15.713008+00:00,2026-01-08 12:24:15,,,,
med:pmid:39111953,med:pmid:39111953:sec:title:sent:0,enalapril,sacubitril_valsartan,versus,,,trial,"{""comparative_terms"": [""versus""], ""study_context"": [""trial""]}","[""comparative_terms"", ""study_context""]",,,,,,,,title,NEU,0.0,lexicon_v1,2026-01-08T12:24:15.713008+00:00,2026-01-08 12:24:15,,,,
med:pmid:38663899,med:pmid:38663899:sec:abstract:sent:2,enalapril,sacubitril_valsartan,,,,,,,,,,,,,,abstract,POS,1.0,lexicon_v1,2026-01-08T12:24:15.713008+00:00,2026-01-08 12:24:15,,,,
med:pmid:38508844,med:pmid:38508844:sec:conclusion:sent:15,enalapril,sacubitril_valsartan,versus,,"safety, tolerability",,"{""comparative_terms"": [""versus""], ""risk_terms"": [""safety"", ""tolerability""]}","[""comparative_terms"", ""risk_terms""]",,,,,comparative,comparative_efficacy,0.39999999999999997,conclusion,NEU,0.0,lexicon_v1,2026-01-08T12:24:15.713008+00:00,2026-01-08 12:24:15,,,1,
med:pmid:38508844,med:pmid:38508844:sec:introduction:sent:2,enalapril,sacubitril_valsartan,versus,,,"randomized, trial","{""comparative_terms"": [""versus""], ""study_context"": [""randomized"", ""trial""]}","[""comparative_terms"", ""study_context""]",,,,,comparative,comparative_efficacy,0.39999999999999997,results,NEG,-3.0,lexicon_v1,2026-01-08T12:24:15.713008+00:00,2026-01-08 12:24:15,confirmatory,,1,
med:pmid:38508844,med:pmid:38508844:sec:methods:sent:3,enalapril,sacubitril_valsartan,vs,,,"double-blind, randomized","{""comparative_terms"": [""vs""], ""study_context"": [""double-blind"", ""randomized""]}","[""comparative_terms"", ""study_context""]",,,,,,,,methods,NEU,0.0,lexicon_v1,2026-01-08T12:24:15.713008+00:00,2026-01-08 12:24:15,,,,
med:pmid:38356826,med:pmid:38356826:sec:conclusion:sent:6,enalapril,sacubitril_valsartan,compared to,,,,"{""comparative_terms"": [""compared to""]}","[""comparative_terms""]",,,,,comparative,comparative_efficacy,0.8,conclusion,POS,5.0,lexicon_v1,2026-01-08T12:24:15.713008+00:00,2026-01-08 12:24:15,,,0,missing_efficacy_endpoint
med:pmid:38356826,med:pmid:38356826:sec:introduction:sent:1,enalapril,sacubitril_valsartan,,combination,,,"{""combination"": [""combined with""]}","[""relationship:combination""]",add_on,add_on,add_on,"[""combination_with""]",,,,introduction,NEU,0.0,lexicon_v1,2026-01-08T12:24:15.713008+00:00,2026-01-08 12:24:15,,,,
med:pmid:38356826,med:pmid:38356826:sec:methods:sent:3,enalapril,sacubitril_valsartan,,combination,,,"{""combination"": [""combined with""]}","[""relationship:combination""]",add_on,add_on,add_on,"[""combination_with""]",,,,methods,NEU,0.0,lexicon_v1,2026-01-08T12:24:15.713008+00:00,2026-01-08 12:24:15,,,,
med:pmid:38356826,med:pmid:38356826:sec:title:sent:0,enalapril,sacubitril_valsartan,,,,"observational, retrospective","{""study_context"": [""observational"", ""retrospective""], ""real_world_terms"": [""observational"", ""retrospective""]}","[""study_context"", ""real_world_terms""]",,,,,,,,methods,NEU,0.0,lexicon_v1,2026-01-08T12:24:15.713008+00:00,2026-01-08 12:24:15,,,,
med:pmid:38764991,med:pmid:38764991:sec:abstract:sent:2,enalapril,sacubitril_valsartan,superior,,,trial,"{""comparative_terms"": [""superior""], ""study_context"": [""trial""]}","[""comparative_terms"", ""study_context""]",alternative,disfavored,favored,"[""preferred_over""]",,,,abstract,POS,1.0,lexicon_v1,2026-01-08T12:24:15.713008+00:00,2026-01-08 12:24:15,,,,
med:pmid:37989299,med:pmid:37989299:sec:conclusion:sent:8,enalapril,sacubitril_valsartan,compared with,,,,"{""comparative_terms"": [""compared with""]}","[""comparative_terms""]",,,,,comparative,comparative_efficacy,0.8,conclusion,POS,1.0,lexicon_v1,2026-01-08T12:24:15.697256+00:00,2026-01-08 12:24:15,,,0,missing_efficacy_endpoint
med:pmid:37989299,med:pmid:37989299:sec:results:sent:5,enalapril,sacubitril_valsartan,no significant difference,,,,"{""comparative_terms"": [""no significant difference""]}","[""comparative_terms""]",,,,,comparative,comparative_efficacy,0.6,results,NEU,0.0,lexicon_v1,2026-01-08T12:24:15.697256+00:00,2026-01-08 12:24:15,,,1,
med:pmid:37989299,med:pmid:37989299:sec:results:sent:6,enalapril,sacubitril_valsartan,compared with,,,,"{""comparative_terms"": [""compared with""], ""claim_strength_terms"": {""confirmatory"": [""p=""], ""suggestive"": [""greater reduction""]}}","[""comparative_terms"", ""claim_strength:confirmatory"", ""claim_strength:suggestive""]",,,,,comparative,comparative_efficacy,0.6,results,POS,1.0,lexicon_v1,2026-01-08T12:24:15.697256+00:00,2026-01-08 12:24:15,confirmatory,,1,
med:pmid:37989299,med:pmid:37989299:sec:results:sent:7,enalapril,sacubitril_valsartan,,,,,,,,,,,,,,results,POS,1.0,lexicon_v1,2026-01-08T12:24:15.697256+00:00,2026-01-08 12:24:15,,,,
med:pmid:38084196,med:pmid:38084196:sec:results:sent:6,enalapril,sacubitril_valsartan,compared to,,risk,pooled analysis,"{""comparative_terms"": [""compared to""], ""risk_terms"": [""risk""], ""study_context"": [""pooled analysis""], ""risk_posture_terms"": {""acknowledgment"": [""risk of""]}}","[""comparative_terms"", ""risk_terms"", ""study_context"", ""risk_posture:acknowledgment""]",,,,,comparative,comparative_efficacy,0.6,results,NEG,-2.0,lexicon_v1,2026-01-08T12:24:15.697256+00:00,2026-01-08 12:24:15,,,1,
med:pmid:38084196,med:pmid:38084196:sec:results:sent:7,enalapril,sacubitril_valsartan,compared to,,risk,,"{""comparative_terms"": [""compared to""], ""risk_terms"": [""risk""], ""risk_posture_terms"": {""acknowledgment"": [""risk of""]}}","[""comparative_terms"", ""risk_terms"", ""risk_posture:acknowledgment""]",,,,,comparative,comparative_efficacy,0.6,results,NEG,-1.0,lexicon_v1,2026-01-08T12:24:15.713008+00:00,2026-01-08 12:24:15,,,1,
med:pmid:38084196,med:pmid:38084196:sec:results:sent:8,enalapril,sacubitril_valsartan,compared to,,risk,,"{""comparative_terms"": [""compared to""], ""risk_terms"": [""risk""], ""risk_posture_terms"": {""acknowledgment"": [""risk of""]}}","[""comparative_terms"", ""risk_terms"", ""risk_posture:acknowledgment""]",,,,,comparative,comparative_efficacy,0.6,results,NEG,-1.0,lexicon_v1,2026-01-08T12:24:15.713008+00:00,2026-01-08 12:24:15,,,1,
med:pmid:38084196,med:pmid:38084196:sec:results:sent:9,enalapril,sacubitril_valsartan,"compared to, superior",,,meta-analysis,"{""comparative_terms"": [""compared to"", ""superior""], ""study_context"": [""meta-analysis""]}","[""comparative_terms"", ""study_context""]",,,,,evidence,evidence_review,0.7,results,NEG,-1.0,lexicon_v1,2026-01-08T12:24:15.713008+00:00,2026-01-08 12:24:15,,,1,
med:pmid:38084196,med:pmid:38084196:sec:title:sent:0,enalapril,sacubitril_valsartan,,,,"meta-analysis, review, systematic review","{""study_context"": [""meta-analysis"", ""review"", ""systematic review""]}","[""study_context""]",,,,,evidence,evidence_review,0.7,results,NEG,-1.0,lexicon_v1,2026-01-08T12:24:15.713008+00:00,2026-01-08 12:24:15,,,1,
med:pmid:37941691,med:pmid:37941691:sec:introduction:sent:1,enalapril,sacubitril_valsartan,superior,,,,"{""comparative_terms"": [""superior""]}","[""comparative_terms""]",alternative,disfavored,favored,"[""preferred_over""]",,,,introduction,NEU,0.0,lexicon_v1,2026-01-08T12:24:15.697256+00:00,2026-01-08 12:24:15,,,,
med:pmid:37635080,med:pmid:37635080:sec:introduction:sent:1,enalapril,sacubitril_valsartan,vs,,safety,,"{""comparative_terms"": [""vs""], ""risk_terms"": [""safety""]}","[""comparative_terms"", ""risk_terms""]",,,,,,,,introduction,NEU,0.0,lexicon_v1,2026-01-08T12:24:15.697256+00:00,2026-01-08 12:24:15,,,,
med:pmid:37635080,med:pmid:37635080:sec:results:sent:7,enalapril,sacubitril_valsartan,,switching,,,"{""switching"": [""transitioned to""]}","[""relationship:switching""]",switch,switch_source,switch_destination,"[""switch_to""]",positioning,switching,0.49999999999999994,results,NEU,0.0,lexicon_v1,2026-01-08T12:24:15.697256+00:00,2026-01-08 12:24:15,,,1,
med:pmid:37240819,med:pmid:37240819:sec:abstract:sent:1,enalapril,sacubitril_valsartan,compared to,,,,"{""comparative_terms"": [""compared to""]}","[""comparative_terms""]",,,,,,,,abstract,NEU,0.0,lexicon_v1,2026-01-08T12:24:15.697256+00:00,2026-01-08 12:24:15,,,,
med:pmid:37104912,med:pmid:37104912:sec:introduction:sent:1,enalapril,sacubitril_valsartan,compared with,,,,"{""comparative_terms"": [""compared with""]}","[""comparative_terms""]",,,,,,,,introduction,NEU,0.0,lexicon_v1,2026-01-08T12:24:15.697256+00:00,2026-01-08 12:24:15,,,,
med:pmid:37104912,med:pmid:37104912:sec:results:sent:8,enalapril,sacubitril_valsartan,,,,,"{""access_terms"": [""coverage""]}","[""access_terms""]",,,,,access,coverage_access,0.65,results,NEU,0.0,lexicon_v1,2026-01-08T12:24:15.697256+00:00,2026-01-08 12:24:15,,,1,
med:pmid:37104912,med:pmid:37104912:sec:results:sent:9,enalapril,sacubitril_valsartan,compared with,,,,"{""comparative_terms"": [""compared with""], ""access_terms"": [""coverage""]}","[""comparative_terms"", ""access_terms""]",,,,,access,coverage_access,0.65,results,NEU,0.0,lexicon_v1,2026-01-08T12:24:15.697256+00:00,2026-01-08 12:24:15,,,1,
med:pmid:37043670,med:pmid:37043670:sec:abstract:sent:10,enalapril,sacubitril_valsartan,,,,,,,,,,,,,,abstract,NEU,0.0,lexicon_v1,2026-01-08T12:24:15.697256+00:00,2026-01-08 12:24:15,,,,
med:pmid:37043670,med:pmid:37043670:sec:abstract:sent:2,enalapril,sacubitril_valsartan,,,,,,,,,,,,,,abstract,NEU,0.0,lexicon_v1,2026-01-08T12:24:15.697256+00:00,2026-01-08 12:24:15,,,,
med:pmid:37407154,med:pmid:37407154:sec:conclusion:sent:13,enalapril,sacubitril_valsartan,compared with,,,,"{""comparative_terms"": [""compared with""]}","[""comparative_terms""]",,,,,comparative,comparative_efficacy,0.6,conclusion,NEU,0.0,lexicon_v1,2026-01-08T12:24:15.697256+00:00,2026-01-08 12:24:15,,,1,
med:pmid:37407154,med:pmid:37407154:sec:conclusion:sent:15,enalapril,sacubitril_valsartan,,,,trial,"{""study_context"": [""trial""]}","[""study_context""]",,,,,evidence,clinical_trial,0.7,conclusion,NEG,-1.0,lexicon_v1,2026-01-08T12:24:15.697256+00:00,2026-01-08 12:24:15,,,1,
med:pmid:37407154,med:pmid:37407154:sec:results:sent:10,enalapril,sacubitril_valsartan,compared with,,,randomized,"{""comparative_terms"": [""compared with""], ""study_context"": [""randomized""]}","[""comparative_terms"", ""study_context""]",,,,,evidence,clinical_trial,0.49999999999999994,results,NEU,0.0,lexicon_v1,2026-01-08T12:24:15.697256+00:00,2026-01-08 12:24:15,confirmatory,,1,
med:pmid:37407154,med:pmid:37407154:sec:results:sent:8,enalapril,sacubitril_valsartan,compared with,,risk,,"{""comparative_terms"": [""compared with""], ""risk_terms"": [""risk""], ""risk_posture_terms"": {""acknowledgment"": [""risk of""]}, ""claim_strength_terms"": {""confirmatory"": [""p value""]}}","[""comparative_terms"", ""risk_terms"", ""risk_posture:acknowledgment"", ""claim_strength:confirmatory""]",,,,,comparative,comparative_efficacy,0.39999999999999997,results,NEG,-2.0,lexicon_v1,2026-01-08T12:24:15.697256+00:00,2026-01-08 12:24:15,confirmatory,,1,
med:pmid:37407154,med:pmid:37407154:sec:results:sent:9,enalapril,sacubitril_valsartan,compared with,,,,"{""comparative_terms"": [""compared with""]}","[""comparative_terms""]",,,,,comparative,comparative_efficacy,0.8,results,NEU,0.0,lexicon_v1,2026-01-08T12:24:15.697256+00:00,2026-01-08 12:24:15,,,0,missing_efficacy_endpoint
med:pmid:37042870,med:pmid:37042870:sec:abstract:sent:3,enalapril,sacubitril_valsartan,,,,,,,add_on,add_on,backbone,"[""add_on_to""]",,,,abstract,NEG,-2.0,lexicon_v1,2026-01-08T12:24:15.697256+00:00,2026-01-08 12:24:15,,,,
med:pmid:36812948,med:pmid:36812948:sec:methods:sent:4,enalapril,sacubitril_valsartan,,,,,,,,,,,,,,methods,NEU,0.0,lexicon_v1,2026-01-08T12:24:15.697256+00:00,2026-01-08 12:24:15,,,,
med:pmid:36808581,med:pmid:36808581:sec:introduction:sent:1,enalapril,sacubitril_valsartan,compared with,,,,"{""comparative_terms"": [""compared with""]}","[""comparative_terms""]",,,,,,,,introduction,NEU,0.0,lexicon_v1,2026-01-08T12:24:15.697256+00:00,2026-01-08 12:24:15,,,,
med:pmid:36808581,med:pmid:36808581:sec:results:sent:13,enalapril,sacubitril_valsartan,versus,,,,"{""comparative_terms"": [""versus""], ""access_terms"": [""payer""]}","[""comparative_terms"", ""access_terms""]",,,,,comparative,comparative_efficacy,0.6,results,NEU,0.0,lexicon_v1,2026-01-08T12:24:15.697256+00:00,2026-01-08 12:24:15,,,1,
med:pmid:36943907,med:pmid:36943907:sec:conclusion:sent:9,enalapril,sacubitril_valsartan,compared with,,,,"{""comparative_terms"": [""compared with""]}","[""comparative_terms""]",,,,,comparative,comparative_efficacy,0.8,conclusion,POS,1.0,lexicon_v1,2026-01-08T12:24:15.697256+00:00,2026-01-08 12:24:15,,,0,missing_efficacy_endpoint
med:pmid:36943907,med:pmid:36943907:sec:methods:sent:2,enalapril,sacubitril_valsartan,compared with,,,trial,"{""comparative_terms"": [""compared with""], ""study_context"": [""trial""]}","[""comparative_terms"", ""study_context""]",,,,,,,,methods,NEU,0.0,lexicon_v1,2026-01-08T12:24:15.697256+00:00,2026-01-08 12:24:15,,,,
med:pmid:36943907,med:pmid:36943907:sec:results:sent:6,enalapril,sacubitril_valsartan,compared with,,,,"{""comparative_terms"": [""compared with""]}","[""comparative_terms""]",,,,,comparative,comparative_efficacy,0.6000000000000001,results,NEU,0.0,lexicon_v1,2026-01-08T12:24:15.697256+00:00,2026-01-08 12:24:15,,,0,missing_efficacy_endpoint
med:pmid:36943907,med:pmid:36943907:sec:results:sent:7,enalapril,sacubitril_valsartan,compared with,,,,"{""comparative_terms"": [""compared with""]}","[""comparative_terms""]",,,,,comparative,comparative_efficacy,0.8,results,NEU,0.0,lexicon_v1,2026-01-08T12:24:15.697256+00:00,2026-01-08 12:24:15,,,0,missing_efficacy_endpoint
med:pmid:36601956,med:pmid:36601956:sec:methods:sent:4,enalapril,sacubitril_valsartan,versus,,safety,,"{""comparative_terms"": [""versus""], ""risk_terms"": [""safety""]}","[""comparative_terms"", ""risk_terms""]",,,,,,,,methods,POS,2.0,lexicon_v1,2026-01-08T12:24:15.697256+00:00,2026-01-08 12:24:15,,,,
med:pmid:36685156,med:pmid:36685156:sec:introduction:sent:1,enalapril,sacubitril_valsartan,superior,,risk,,"{""comparative_terms"": [""superior""], ""risk_terms"": [""risk""], ""risk_posture_terms"": {""acknowledgment"": [""risk of""]}}","[""comparative_terms"", ""risk_terms"", ""risk_posture:acknowledgment""]",alternative,disfavored,favored,"[""preferred_over""]",,,,introduction,NEG,-2.0,lexicon_v1,2026-01-08T12:24:15.697256+00:00,2026-01-08 12:24:15,,,,
med:pmid:36530836,med:pmid:36530836:sec:abstract:sent:1,enalapril,sacubitril_valsartan,,,,trial,"{""study_context"": [""trial""], ""endpoint_terms"": [""hba1c""], ""claim_strength_terms"": {""suggestive"": [""post hoc""]}}","[""study_context"", ""endpoint_terms"", ""claim_strength:suggestive""]",alternative,disfavored,favored,"[""preferred_over""]",,,,abstract,NEU,0.0,lexicon_v1,2026-01-08T12:24:15.697256+00:00,2026-01-08 12:24:15,,,,
med:pmid:37143752,med:pmid:37143752:sec:conclusion:sent:13,enalapril,sacubitril_valsartan,"associated with better outcomes, compared to",,,,"{""comparative_terms"": [""associated with better outcomes"", ""compared to""]}","[""comparative_terms""]",,,,,comparative,comparative_efficacy,0.8,conclusion,POS,1.0,lexicon_v1,2026-01-08T12:24:15.697256+00:00,2026-01-08 12:24:15,,,0,missing_efficacy_endpoint
med:pmid:37143752,med:pmid:37143752:sec:introduction:sent:1,enalapril,sacubitril_valsartan,compared with,,,,"{""comparative_terms"": [""compared with""]}","[""comparative_terms""]",,,,,,,,introduction,NEU,0.0,lexicon_v1,2026-01-08T12:24:15.697256+00:00,2026-01-08 12:24:15,,,,
med:pmid:37143752,med:pmid:37143752:sec:methods:sent:3,enalapril,sacubitril_valsartan,versus,,,,"{""comparative_terms"": [""versus""]}","[""comparative_terms""]",,,,,,,,methods,NEU,0.0,lexicon_v1,2026-01-08T12:24:15.697256+00:00,2026-01-08 12:24:15,,,,
med:pmid:37143752,med:pmid:37143752:sec:title:sent:0,enalapril,sacubitril_valsartan,compared with,,,"review, systematic review","{""comparative_terms"": [""compared with""], ""study_context"": [""review"", ""systematic review""]}","[""comparative_terms"", ""study_context""]",,,,,,,,methods,NEU,0.0,lexicon_v1,2026-01-08T12:24:15.697256+00:00,2026-01-08 12:24:15,,,,
med:pmid:36132549,med:pmid:36132549:sec:results:sent:7,enalapril,sacubitril_valsartan,,,,,,,,,,,,,,results,POS,1.0,lexicon_v1,2026-01-08T12:24:15.697256+00:00,2026-01-08 12:24:15,,,,
med:pmid:36133814,med:pmid:36133814:sec:abstract:sent:9,enalapril,sacubitril_valsartan,"compared to, similar to",,,,"{""comparative_terms"": [""compared to"", ""similar to""]}","[""comparative_terms""]",,,,,,,,abstract,NEU,0.0,lexicon_v1,2026-01-08T12:24:15.697256+00:00,2026-01-08 12:24:15,,,,
med:pmid:35874853,med:pmid:35874853:sec:abstract:sent:3,enalapril,sacubitril_valsartan,,,,randomized,"{""study_context"": [""randomized""]}","[""study_context""]",,,,,,,,abstract,NEU,0.0,lexicon_v1,2026-01-08T12:24:15.697256+00:00,2026-01-08 12:24:15,,,,
med:pmid:35874853,med:pmid:35874853:sec:abstract:sent:9,enalapril,sacubitril_valsartan,"compared with, vs",,,,"{""comparative_terms"": [""compared with"", ""vs""]}","[""comparative_terms""]",,,,,,,,abstract,POS,1.0,lexicon_v1,2026-01-08T12:24:15.697256+00:00,2026-01-08 12:24:15,,,,
med:pmid:35874853,med:pmid:35874853:sec:title:sent:0,enalapril,sacubitril_valsartan,versus,,,,"{""comparative_terms"": [""versus""]}","[""comparative_terms""]",,,,,,,,title,NEU,0.0,lexicon_v1,2026-01-08T12:24:15.697256+00:00,2026-01-08 12:24:15,,,,
med:pmid:35761118,med:pmid:35761118:sec:results:sent:8,enalapril,sacubitril_valsartan,compared with,,risk,randomised,"{""comparative_terms"": [""compared with""], ""risk_terms"": [""risk""], ""study_context"": [""randomised""], ""risk_posture_terms"": {""acknowledgment"": [""risk of""]}}","[""comparative_terms"", ""risk_terms"", ""study_context"", ""risk_posture:acknowledgment""]",,,,,comparative,comparative_efficacy,0.6,results,NEU,-0.5,lexicon_v1,2026-01-08T12:24:15.697256+00:00,2026-01-08 12:24:15,,,1,
med:pmid:35717169,med:pmid:35717169:sec:introduction:sent:1,enalapril,sacubitril_valsartan,compared with,,,trial,"{""comparative_terms"": [""compared with""], ""study_context"": [""trial""], ""endpoint_terms"": [""hba1c""]}","[""comparative_terms"", ""study_context"", ""endpoint_terms""]",,,,,,,,introduction,NEU,0.0,lexicon_v1,2026-01-08T12:24:15.697256+00:00,2026-01-08 12:24:15,,,,
med:pmid:35717169,med:pmid:35717169:sec:results:sent:8,enalapril,sacubitril_valsartan,compared with,,,,"{""comparative_terms"": [""compared with""]}","[""comparative_terms""]",,,,,comparative,comparative_efficacy,0.39999999999999997,results,POS,1.0,lexicon_v1,2026-01-08T12:24:15.697256+00:00,2026-01-08 12:24:15,,,1,
med:pmid:35702942,med:pmid:35702942:sec:introduction:sent:1,enalapril,sacubitril_valsartan,superior,,,,"{""comparative_terms"": [""superior""]}","[""comparative_terms""]",alternative,disfavored,favored,"[""preferred_over""]",,,,introduction,NEU,0.0,lexicon_v1,2026-01-08T12:24:15.697256+00:00,2026-01-08 12:24:15,,,,
med:pmid:35560696,med:pmid:35560696:sec:results:sent:3,enalapril,sacubitril_valsartan,,,,"randomized, trial","{""study_context"": [""randomized"", ""trial""]}","[""study_context""]",,,,,evidence,clinical_trial,0.7,results,NEU,0.0,lexicon_v1,2026-01-08T12:24:15.697256+00:00,2026-01-08 12:24:15,confirmatory,,1,
med:pmid:35483448,med:pmid:35483448:sec:conclusion:sent:12,enalapril,sacubitril_valsartan,compared to,,safety,,"{""comparative_terms"": [""compared to""], ""risk_terms"": [""safety""]}","[""comparative_terms"", ""risk_terms""]",,,,,safety,safety_acknowledgment,0.9,conclusion,POS,3.0,lexicon_v1,2026-01-08T12:24:15.697256+00:00,2026-01-08 12:24:15,,acknowledgment,0,missing_safety_assertion
med:pmid:35483448,med:pmid:35483448:sec:introduction:sent:1,enalapril,sacubitril_valsartan,,,safety,,"{""risk_terms"": [""safety""]}","[""risk_terms""]",,,,,,,,introduction,NEU,0.0,lexicon_v1,2026-01-08T12:24:15.697256+00:00,2026-01-08 12:24:15,,,,
med:pmid:35483448,med:pmid:35483448:sec:methods:sent:3,enalapril,sacubitril_valsartan,,,,,,,,,,,,,,methods,NEU,0.0,lexicon_v1,2026-01-08T12:24:15.697256+00:00,2026-01-08 12:24:15,,,,
med:pmid:35483448,med:pmid:35483448:sec:results:sent:10,enalapril,sacubitril_valsartan,,,,,"{""claim_strength_terms"": {""confirmatory"": [""p value""]}}","[""claim_strength:confirmatory""]",,,,,,,,results,NEG,-1.0,lexicon_v1,2026-01-08T12:24:15.697256+00:00,2026-01-08 12:24:15,confirmatory,,,
med:pmid:35483448,med:pmid:35483448:sec:results:sent:7,enalapril,sacubitril_valsartan,,,,,,,,,,,,,,results,NEU,0.0,lexicon_v1,2026-01-08T12:24:15.697256+00:00,2026-01-08 12:24:15,,,,
med:pmid:35483448,med:pmid:35483448:sec:results:sent:8,enalapril,sacubitril_valsartan,,,,,,,,,,,,,,results,NEU,0.0,lexicon_v1,2026-01-08T12:24:15.697256+00:00,2026-01-08 12:24:15,,,,
med:pmid:35483448,med:pmid:35483448:sec:results:sent:9,enalapril,sacubitril_valsartan,,,,,,,,,,,,,,results,POS,1.0,lexicon_v1,2026-01-08T12:24:15.697256+00:00,2026-01-08 12:24:15,,,,
med:pmid:35483448,med:pmid:35483448:sec:title:sent:0,enalapril,sacubitril_valsartan,vs,,safety,observational,"{""comparative_terms"": [""vs""], ""risk_terms"": [""safety""], ""study_context"": [""observational""], ""real_world_terms"": [""observational"", ""observational study""]}","[""comparative_terms"", ""risk_terms"", ""study_context"", ""real_world_terms""]",,,,,evidence,real_world,0.72,results,NEU,0.0,lexicon_v1,2026-01-08T12:24:15.697256+00:00,2026-01-08 12:24:15,,,1,
med:pmid:35469709,med:pmid:35469709:sec:abstract:sent:4,enalapril,sacubitril_valsartan,,,,trial,"{""study_context"": [""trial""]}","[""study_context""]",,,,,,,,abstract,NEU,0.0,lexicon_v1,2026-01-08T12:24:15.697256+00:00,2026-01-08 12:24:15,,,,
med:pmid:35343504,med:pmid:35343504:sec:abstract:sent:2,enalapril,sacubitril_valsartan,,,,trial,"{""study_context"": [""trial""]}","[""study_context""]",,,,,,,,abstract,NEU,0.0,lexicon_v1,2026-01-08T12:24:15.681547+00:00,2026-01-08 12:24:15,,,,
med:pmid:35222898,med:pmid:35222898:sec:introduction:sent:2,enalapril,sacubitril_valsartan,compared with,,,,"{""comparative_terms"": [""compared with""]}","[""comparative_terms""]",,,,,,,,introduction,NEU,0.0,lexicon_v1,2026-01-08T12:24:15.681547+00:00,2026-01-08 12:24:15,,,,
med:pmid:35200707,med:pmid:35200707:sec:abstract:sent:1,enalapril,sacubitril_valsartan,superior,,,,"{""comparative_terms"": [""superior""]}","[""comparative_terms""]",alternative,disfavored,favored,"[""preferred_over""]",,,,abstract,NEU,0.0,lexicon_v1,2026-01-08T12:24:15.681547+00:00,2026-01-08 12:24:15,,,,
med:pmid:33119090,med:pmid:33119090:sec:introduction:sent:1,enalapril,sacubitril_valsartan,compared to,,,,"{""comparative_terms"": [""compared to""]}","[""comparative_terms""]",,,,,,,,introduction,NEU,0.0,lexicon_v1,2026-01-08T12:24:15.681547+00:00,2026-01-08 12:24:15,,,,
med:pmid:35282662,med:pmid:35282662:sec:results:sent:10,enalapril,sacubitril_valsartan,,,,,"{""claim_strength_terms"": {""confirmatory"": [""p=""]}}","[""claim_strength:confirmatory""]",,,,,,,,results,NEU,0.0,lexicon_v1,2026-01-08T12:24:15.681547+00:00,2026-01-08 12:24:15,confirmatory,,,
med:pmid:35282662,med:pmid:35282662:sec:results:sent:11,enalapril,sacubitril_valsartan,,,,,"{""claim_strength_terms"": {""confirmatory"": [""p=""]}}","[""claim_strength:confirmatory""]",,,,,,,,results,NEU,0.0,lexicon_v1,2026-01-08T12:24:15.681547+00:00,2026-01-08 12:24:15,confirmatory,,,
med:pmid:35282662,med:pmid:35282662:sec:results:sent:8,enalapril,sacubitril_valsartan,vs,,,,"{""comparative_terms"": [""vs""], ""claim_strength_terms"": {""confirmatory"": [""p<""]}}","[""comparative_terms"", ""claim_strength:confirmatory""]",,,,,comparative,comparative_efficacy,0.39999999999999997,results,NEU,0.0,lexicon_v1,2026-01-08T12:24:15.681547+00:00,2026-01-08 12:24:15,confirmatory,,1,
med:pmid:35282662,med:pmid:35282662:sec:results:sent:9,enalapril,sacubitril_valsartan,compared to,,,,"{""comparative_terms"": [""compared to""], ""claim_strength_terms"": {""confirmatory"": [""p<"", ""p="", ""significant reduction""]}}","[""comparative_terms"", ""claim_strength:confirmatory""]",,,,,comparative,comparative_efficacy,0.6,results,POS,2.0,lexicon_v1,2026-01-08T12:24:15.681547+00:00,2026-01-08 12:24:15,confirmatory,,1,
med:pmid:35081164,med:pmid:35081164:sec:conclusion:sent:11,enalapril,sacubitril_valsartan,similar to,,,,"{""comparative_terms"": [""similar to""]}","[""comparative_terms""]",,,,,comparative,comparative_efficacy,0.8,conclusion,NEU,0.0,lexicon_v1,2026-01-08T12:24:15.681547+00:00,2026-01-08 12:24:15,,,0,missing_efficacy_endpoint
med:pmid:35081164,med:pmid:35081164:sec:results:sent:10,enalapril,sacubitril_valsartan,no significant difference,,,,"{""comparative_terms"": [""no significant difference""]}","[""comparative_terms""]",,,,,comparative,comparative_efficacy,0.8,results,NEU,0.0,lexicon_v1,2026-01-08T12:24:15.681547+00:00,2026-01-08 12:24:15,,,0,missing_efficacy_endpoint
med:pmid:34969175,med:pmid:34969175:sec:introduction:sent:3,enalapril,sacubitril_valsartan,compared to,,,,"{""comparative_terms"": [""compared to""], ""claim_strength_terms"": {""suggestive"": [""post hoc""]}}","[""comparative_terms"", ""claim_strength:suggestive""]",,,,,,,,introduction,NEU,0.0,lexicon_v1,2026-01-08T12:24:15.681547+00:00,2026-01-08 12:24:15,,,,
med:pmid:34969175,med:pmid:34969175:sec:results:sent:10,enalapril,sacubitril_valsartan,compared with,,risk,,"{""comparative_terms"": [""compared with""], ""risk_terms"": [""risk""], ""risk_posture_terms"": {""acknowledgment"": [""risk of""]}}","[""comparative_terms"", ""risk_terms"", ""risk_posture:acknowledgment""]",,,,,safety,safety_acknowledgment,0.7,results,NEU,0.0,lexicon_v1,2026-01-08T12:24:15.681547+00:00,2026-01-08 12:24:15,,acknowledgment,0,missing_safety_assertion
med:pmid:34989105,med:pmid:34989105:sec:conclusion:sent:10,enalapril,sacubitril_valsartan,compared with,,"risk, serious",,"{""comparative_terms"": [""compared with""], ""risk_terms"": [""risk"", ""serious""], ""risk_posture_terms"": {""acknowledgment"": [""risk of""]}}","[""comparative_terms"", ""risk_terms"", ""risk_posture:acknowledgment""]",,,,,comparative,comparative_safety,0.9,conclusion,NEU,0.0,lexicon_v1,2026-01-08T12:24:15.681547+00:00,2026-01-08 12:24:15,,,1,
med:pmid:34989105,med:pmid:34989105:sec:results:sent:7,enalapril,sacubitril_valsartan,,,,,,,,,,,,,,results,NEU,0.0,lexicon_v1,2026-01-08T12:24:15.681547+00:00,2026-01-08 12:24:15,,,,
med:pmid:34989105,med:pmid:34989105:sec:results:sent:8,enalapril,sacubitril_valsartan,compared with,,,,"{""comparative_terms"": [""compared with""]}","[""comparative_terms""]",,,,,comparative,comparative_efficacy,0.8,results,NEU,0.0,lexicon_v1,2026-01-08T12:24:15.681547+00:00,2026-01-08 12:24:15,,,0,missing_efficacy_endpoint
med:pmid:35035857,med:pmid:35035857:sec:abstract:sent:2,enalapril,sacubitril_valsartan,compared with,,risk,,"{""comparative_terms"": [""compared with""], ""risk_terms"": [""risk""], ""risk_posture_terms"": {""acknowledgment"": [""risk of""]}}","[""comparative_terms"", ""risk_terms"", ""risk_posture:acknowledgment""]",,,,,,,,abstract,NEG,-2.0,lexicon_v1,2026-01-08T12:24:15.681547+00:00,2026-01-08 12:24:15,,,,
med:pmid:35400328,med:pmid:35400328:sec:introduction:sent:1,enalapril,sacubitril_valsartan,"compared with, superior",,,,"{""comparative_terms"": [""compared with"", ""superior""], ""endpoint_terms"": [""blood pressure""]}","[""comparative_terms"", ""endpoint_terms""]",,,,,,,,introduction,NEG,-1.0,lexicon_v1,2026-01-08T12:24:15.697256+00:00,2026-01-08 12:24:15,,,,
med:pmid:28292483,med:pmid:28292483:sec:conclusion:sent:6,enalapril,sacubitril_valsartan,,,,,,,,,,,,,,conclusion,NEU,0.0,lexicon_v1,2026-01-08T12:24:15.681547+00:00,2026-01-08 12:24:15,,,,
med:pmid:28292483,med:pmid:28292483:sec:introduction:sent:1,enalapril,sacubitril_valsartan,"compared with, superior",,,trial,"{""comparative_terms"": [""compared with"", ""superior""], ""study_context"": [""trial""]}","[""comparative_terms"", ""study_context""]",alternative,disfavored,favored,"[""preferred_over""]",,,,introduction,NEU,0.0,lexicon_v1,2026-01-08T12:24:15.681547+00:00,2026-01-08 12:24:15,,,,
med:pmid:27804100,med:pmid:27804100:sec:abstract:sent:1,enalapril,sacubitril_valsartan,,,,,,,,,,,,,,abstract,NEG,-1.0,lexicon_v1,2026-01-08T12:24:15.681547+00:00,2026-01-08 12:24:15,,,,
med:pmid:27908347,med:pmid:27908347:sec:conclusion:sent:6,enalapril,sacubitril_valsartan,,,,,,,,,,,,,,conclusion,NEU,0.0,lexicon_v1,2026-01-08T12:24:15.681547+00:00,2026-01-08 12:24:15,,,,
med:pmid:27908347,med:pmid:27908347:sec:conclusion:sent:7,enalapril,sacubitril_valsartan,,,,trial,"{""study_context"": [""trial""]}","[""study_context""]",,,,,evidence,clinical_trial,0.49999999999999994,conclusion,NEG,-1.0,lexicon_v1,2026-01-08T12:24:15.681547+00:00,2026-01-08 12:24:15,,,1,
med:pmid:27908347,med:pmid:27908347:sec:introduction:sent:1,enalapril,sacubitril_valsartan,,,,trial,"{""study_context"": [""trial""], ""endpoint_terms"": [""primary endpoint""]}","[""study_context"", ""endpoint_terms""]",,,,,,,,introduction,NEU,0.0,lexicon_v1,2026-01-08T12:24:15.681547+00:00,2026-01-08 12:24:15,,,,
med:pmid:27908347,med:pmid:27908347:sec:results:sent:4,enalapril,sacubitril_valsartan,versus,,,,"{""comparative_terms"": [""versus""]}","[""comparative_terms""]",,,,,comparative,comparative_efficacy,0.6,results,NEU,0.0,lexicon_v1,2026-01-08T12:24:15.681547+00:00,2026-01-08 12:24:15,,,1,
med:pmid:27868321,med:pmid:27868321:sec:conclusion:sent:10,enalapril,sacubitril_valsartan,"compared with, similar to",,aes,,"{""comparative_terms"": [""compared with"", ""similar to""], ""risk_terms"": [""aes""], ""claim_strength_terms"": {""suggestive"": [""signal""]}}","[""comparative_terms"", ""risk_terms"", ""claim_strength:suggestive""]",,,,,safety,safety_acknowledgment,0.9,conclusion,NEU,0.5,lexicon_v1,2026-01-08T12:24:15.681547+00:00,2026-01-08 12:24:15,suggestive,acknowledgment,0,missing_safety_assertion
med:pmid:27868321,med:pmid:27868321:sec:introduction:sent:1,enalapril,sacubitril_valsartan,,,,,,,,,,,,,,introduction,NEU,0.0,lexicon_v1,2026-01-08T12:24:15.681547+00:00,2026-01-08 12:24:15,,,,
med:pmid:27868321,med:pmid:27868321:sec:results:sent:8,enalapril,sacubitril_valsartan,,,aes,,"{""risk_terms"": [""aes""]}","[""risk_terms""]",,,,,safety,safety_acknowledgment,0.7,results,NEU,0.0,lexicon_v1,2026-01-08T12:24:15.681547+00:00,2026-01-08 12:24:15,,acknowledgment,0,missing_safety_assertion
med:pmid:27747488,med:pmid:27747488:sec:abstract:sent:2,enalapril,sacubitril_valsartan,,,,trial,"{""study_context"": [""trial""]}","[""study_context""]",,,,,,,,abstract,NEG,-2.0,lexicon_v1,2026-01-08T12:24:15.681547+00:00,2026-01-08 12:24:15,,,,
med:pmid:28905031,med:pmid:28905031:sec:abstract:sent:6,enalapril,sacubitril_valsartan,,,,,,,,,,,,,,abstract,NEU,0.0,lexicon_v1,2026-01-08T12:24:15.681547+00:00,2026-01-08 12:24:15,,,,
med:pmid:27092662,med:pmid:27092662:sec:abstract:sent:5,enalapril,sacubitril_valsartan,,,,trial,"{""study_context"": [""trial""]}","[""study_context""]",,,,,,,,abstract,NEU,0.0,lexicon_v1,2026-01-08T12:24:15.665444+00:00,2026-01-08 12:24:15,,,,
med:pmid:27438344,med:pmid:27438344:sec:abstract:sent:1,enalapril,sacubitril_valsartan,compared with,,,,"{""comparative_terms"": [""compared with""]}","[""comparative_terms""]",,,,,,,,abstract,POS,1.0,lexicon_v1,2026-01-08T12:24:15.681547+00:00,2026-01-08 12:24:15,,,,
med:pmid:27438344,med:pmid:27438344:sec:introduction:sent:10,enalapril,sacubitril_valsartan,vs,,,,"{""comparative_terms"": [""vs""]}","[""comparative_terms""]",,,,,,,,introduction,POS,1.0,lexicon_v1,2026-01-08T12:24:15.681547+00:00,2026-01-08 12:24:15,,,,
med:pmid:27438344,med:pmid:27438344:sec:introduction:sent:2,enalapril,sacubitril_valsartan,"similar to, vs",,,trial,"{""comparative_terms"": [""similar to"", ""vs""], ""study_context"": [""trial""]}","[""comparative_terms"", ""study_context""]",,,,,,,,introduction,NEU,0.0,lexicon_v1,2026-01-08T12:24:15.681547+00:00,2026-01-08 12:24:15,,,,
med:pmid:27438344,med:pmid:27438344:sec:introduction:sent:5,enalapril,sacubitril_valsartan,,,,,"{""access_terms"": [""reimbursement""]}","[""access_terms""]",,,,,,,,introduction,NEU,0.0,lexicon_v1,2026-01-08T12:24:15.681547+00:00,2026-01-08 12:24:15,,,,
med:pmid:27438344,med:pmid:27438344:sec:introduction:sent:7,enalapril,sacubitril_valsartan,vs,,,,"{""comparative_terms"": [""vs""]}","[""comparative_terms""]",,,,,,,,introduction,POS,2.0,lexicon_v1,2026-01-08T12:24:15.681547+00:00,2026-01-08 12:24:15,,,,
med:pmid:27438344,med:pmid:27438344:sec:introduction:sent:8,enalapril,sacubitril_valsartan,compared with,,,,"{""comparative_terms"": [""compared with""]}","[""comparative_terms""]",,,,,,,,introduction,NEU,0.0,lexicon_v1,2026-01-08T12:24:15.681547+00:00,2026-01-08 12:24:15,,,,
med:pmid:27438344,med:pmid:27438344:sec:title:sent:0,enalapril,sacubitril_valsartan,vs,,,,"{""comparative_terms"": [""vs""]}","[""comparative_terms""]",,,,,,,,introduction,NEU,0.0,lexicon_v1,2026-01-08T12:24:15.681547+00:00,2026-01-08 12:24:15,,,,
med:pmid:27618854,med:pmid:27618854:sec:results:sent:7,enalapril,sacubitril_valsartan,versus,,,,"{""comparative_terms"": [""versus""], ""claim_strength_terms"": {""confirmatory"": [""p<""]}}","[""comparative_terms"", ""claim_strength:confirmatory""]",,,,,comparative,comparative_efficacy,0.6000000000000001,results,NEU,0.0,lexicon_v1,2026-01-08T12:24:15.681547+00:00,2026-01-08 12:24:15,confirmatory,,0,missing_efficacy_endpoint
med:pmid:27618854,med:pmid:27618854:sec:title:sent:0,enalapril,sacubitril_valsartan,,add-on therapy,,trial,"{""add-on therapy"": [""background therapy""], ""study_context"": [""trial""]}","[""relationship:add-on therapy"", ""study_context""]",add_on,add_on,add_on,"[""combination_with""]",positioning,combination,0.6499999999999999,results,NEG,-1.0,lexicon_v1,2026-01-08T12:24:15.681547+00:00,2026-01-08 12:24:15,,,1,
med:pmid:27573608,med:pmid:27573608:sec:abstract:sent:2,enalapril,sacubitril_valsartan,compared to,,,trial,"{""comparative_terms"": [""compared to""], ""study_context"": [""trial""]}","[""comparative_terms"", ""study_context""]",,,,,,,,abstract,POS,1.0,lexicon_v1,2026-01-08T12:24:15.681547+00:00,2026-01-08 12:24:15,,,,
med:pmid:27510447,med:pmid:27510447:sec:abstract:sent:6,enalapril,sacubitril_valsartan,,,,,,,,,,,,,,abstract,NEU,0.0,lexicon_v1,2026-01-08T12:24:15.681547+00:00,2026-01-08 12:24:15,,,,
med:pmid:27395349,med:pmid:27395349:sec:conclusion:sent:2,enalapril,sacubitril_valsartan,,,risk,,"{""risk_terms"": [""risk""], ""endpoint_terms"": [""primary endpoint""], ""risk_posture_terms"": {""acknowledgment"": [""increased risk""]}}","[""risk_terms"", ""endpoint_terms"", ""risk_posture:acknowledgment""]",,,,,safety,safety_acknowledgment,0.7,conclusion,NEU,0.0,lexicon_v1,2026-01-08T12:24:15.665444+00:00,2026-01-08 12:24:15,confirmatory,acknowledgment,0,missing_safety_assertion
med:pmid:27395349,med:pmid:27395349:sec:conclusion:sent:4,enalapril,sacubitril_valsartan,,,,,,,,,,,,,,conclusion,NEG,-1.0,lexicon_v1,2026-01-08T12:24:15.665444+00:00,2026-01-08 12:24:15,,,,
med:pmid:27395349,med:pmid:27395349:sec:introduction:sent:1,enalapril,sacubitril_valsartan,,switching,,trial,"{""switching"": [""switching from""], ""study_context"": [""trial""], ""endpoint_terms"": [""primary endpoint""]}","[""relationship:switching"", ""study_context"", ""endpoint_terms""]",,,,,,,,introduction,NEU,0.0,lexicon_v1,2026-01-08T12:24:15.681547+00:00,2026-01-08 12:24:15,,,,
med:pmid:27417000,med:pmid:27417000:sec:introduction:sent:1,enalapril,sacubitril_valsartan,compared with,,risk,"randomized, trial","{""comparative_terms"": [""compared with""], ""risk_terms"": [""risk""], ""study_context"": [""randomized"", ""trial""], ""risk_posture_terms"": {""acknowledgment"": [""risk of""]}}","[""comparative_terms"", ""risk_terms"", ""study_context"", ""risk_posture:acknowledgment""]",,,,,,,,introduction,NEU,0.0,lexicon_v1,2026-01-08T12:24:15.681547+00:00,2026-01-08 12:24:15,,,,
med:pmid:27334058,med:pmid:27334058:sec:abstract:sent:1,enalapril,sacubitril_valsartan,superior,,,,"{""comparative_terms"": [""superior""]}","[""comparative_terms""]",alternative,disfavored,favored,"[""preferred_over""]",,,,abstract,NEG,-1.0,lexicon_v1,2026-01-08T12:24:15.665444+00:00,2026-01-08 12:24:15,,,,
med:pmid:27283779,med:pmid:27283779:sec:conclusion:sent:5,enalapril,sacubitril_valsartan,,,risk,,"{""risk_terms"": [""risk""], ""risk_posture_terms"": {""acknowledgment"": [""higher risk"", ""risk of""]}}","[""risk_terms"", ""risk_posture:acknowledgment""]",,,,,safety,safety_acknowledgment,0.9,conclusion,NEU,0.0,lexicon_v1,2026-01-08T12:24:15.665444+00:00,2026-01-08 12:24:15,,acknowledgment,0,safety_non_claim_context
med:pmid:27283779,med:pmid:27283779:sec:conclusion:sent:6,enalapril,sacubitril_valsartan,similar to,,,,"{""comparative_terms"": [""similar to""]}","[""comparative_terms""]",,,,,comparative,comparative_efficacy,0.8,conclusion,POS,1.0,lexicon_v1,2026-01-08T12:24:15.665444+00:00,2026-01-08 12:24:15,,,0,missing_efficacy_endpoint
med:pmid:27283779,med:pmid:27283779:sec:introduction:sent:1,enalapril,sacubitril_valsartan,,,,trial,"{""study_context"": [""trial""], ""claim_strength_terms"": {""suggestive"": [""post-hoc""]}}","[""study_context"", ""claim_strength:suggestive""]",,,,,evidence,clinical_trial,0.7,results,POS,3.0,lexicon_v1,2026-01-08T12:24:15.665444+00:00,2026-01-08 12:24:15,suggestive,,1,
med:pmid:27283779,med:pmid:27283779:sec:title:sent:0,enalapril,sacubitril_valsartan,vs,,,trial,"{""comparative_terms"": [""vs""], ""study_context"": [""trial""]}","[""comparative_terms"", ""study_context""]",,,,,,,,introduction,NEU,0.0,lexicon_v1,2026-01-08T12:24:15.665444+00:00,2026-01-08 12:24:15,,,,
med:pmid:27296397,med:pmid:27296397:sec:introduction:sent:1,enalapril,sacubitril_valsartan,,,tolerability,"randomized, trial","{""risk_terms"": [""tolerability""], ""study_context"": [""randomized"", ""trial""]}","[""risk_terms"", ""study_context""]",,,,,,,,introduction,NEU,0.0,lexicon_v1,2026-01-08T12:24:15.665444+00:00,2026-01-08 12:24:15,,,,
med:pmid:27207980,med:pmid:27207980:sec:abstract:sent:4,enalapril,sacubitril_valsartan,,,,trial,"{""study_context"": [""trial""]}","[""study_context""]",,,,,,,,abstract,NEU,0.0,lexicon_v1,2026-01-08T12:24:15.665444+00:00,2026-01-08 12:24:15,,,,
med:pmid:27207980,med:pmid:27207980:sec:abstract:sent:5,enalapril,sacubitril_valsartan,,,,,,,,,,,,,,abstract,POS,2.0,lexicon_v1,2026-01-08T12:24:15.665444+00:00,2026-01-08 12:24:15,,,,
med:pmid:27207980,med:pmid:27207980:sec:abstract:sent:6,enalapril,sacubitril_valsartan,,,,,,,,,,,,,,abstract,POS,1.0,lexicon_v1,2026-01-08T12:24:15.665444+00:00,2026-01-08 12:24:15,,,,
med:pmid:27170530,med:pmid:27170530:sec:conclusion:sent:7,enalapril,sacubitril_valsartan,vs,,tolerability,,"{""comparative_terms"": [""vs""], ""risk_terms"": [""tolerability""]}","[""comparative_terms"", ""risk_terms""]",,,,,safety,safety_acknowledgment,0.9,conclusion,POS,1.0,lexicon_v1,2026-01-08T12:24:15.665444+00:00,2026-01-08 12:24:15,,acknowledgment,0,missing_safety_assertion
med:pmid:28785452,med:pmid:28785452:sec:abstract:sent:5,enalapril,sacubitril_valsartan,compared with,,,,"{""comparative_terms"": [""compared with""]}","[""comparative_terms""]",,,,,,,,abstract,NEU,0.0,lexicon_v1,2026-01-08T12:24:15.681547+00:00,2026-01-08 12:24:15,,,,
med:pmid:27143684,med:pmid:27143684:sec:conclusion:sent:6,enalapril,sacubitril_valsartan,similar to,,serious,,"{""comparative_terms"": [""similar to""], ""risk_terms"": [""serious""]}","[""comparative_terms"", ""risk_terms""]",,,,,comparative,comparative_efficacy,0.6,conclusion,NEU,0.0,lexicon_v1,2026-01-08T12:24:15.665444+00:00,2026-01-08 12:24:15,,,1,
med:pmid:27143684,med:pmid:27143684:sec:results:sent:2,enalapril,sacubitril_valsartan,,add-on therapy,,trial,"{""add-on therapy"": [""added to""], ""study_context"": [""trial""]}","[""relationship:add-on therapy"", ""study_context""]",add_on,add_on,backbone,"[""add_on_to""]",positioning,combination,0.85,results,NEG,-2.0,lexicon_v1,2026-01-08T12:24:15.665444+00:00,2026-01-08 12:24:15,,,1,
med:pmid:27143684,med:pmid:27143684:sec:title:sent:0,enalapril,sacubitril_valsartan,,,,trial,"{""study_context"": [""trial""]}","[""study_context""]",,,,,evidence,clinical_trial,0.7,results,NEG,-3.0,lexicon_v1,2026-01-08T12:24:15.665444+00:00,2026-01-08 12:24:15,,,1,
med:pmid:26992459,med:pmid:26992459:sec:methods:sent:11,enalapril,sacubitril_valsartan,compared to,delivery,"safety, safety profile",,"{""comparative_terms"": [""compared to""], ""delivery"": [""formulation""], ""risk_terms"": [""safety"", ""safety profile""]}","[""comparative_terms"", ""relationship:delivery"", ""risk_terms""]",,,,,,,,methods,NEU,0.0,lexicon_v1,2026-01-08T12:24:15.665444+00:00,2026-01-08 12:24:15,,,,
med:pmid:26873495,med:pmid:26873495:sec:abstract:sent:2,enalapril,sacubitril_valsartan,,,,"double-blind, randomized, trial","{""study_context"": [""double-blind"", ""randomized"", ""trial""], ""endpoint_terms"": [""primary endpoint""]}","[""study_context"", ""endpoint_terms""]",,,,,,,,abstract,NEU,0.0,lexicon_v1,2026-01-08T12:24:15.665444+00:00,2026-01-08 12:24:15,,,,
med:pmid:26873495,med:pmid:26873495:sec:abstract:sent:3,enalapril,sacubitril_valsartan,superior,,,,"{""comparative_terms"": [""superior""]}","[""comparative_terms""]",alternative,disfavored,favored,"[""preferred_over""]",,,,abstract,NEG,-1.0,lexicon_v1,2026-01-08T12:24:15.665444+00:00,2026-01-08 12:24:15,,,,
med:pmid:26873495,med:pmid:26873495:sec:abstract:sent:5,enalapril,sacubitril_valsartan,,,,,,,,,,,,,,abstract,NEU,0.0,lexicon_v1,2026-01-08T12:24:15.665444+00:00,2026-01-08 12:24:15,,,,
med:pmid:26873495,med:pmid:26873495:sec:abstract:sent:6,enalapril,sacubitril_valsartan,,,,,,,,,,,,,,abstract,NEU,0.5,lexicon_v1,2026-01-08T12:24:15.665444+00:00,2026-01-08 12:24:15,,,,
med:pmid:26915374,med:pmid:26915374:sec:introduction:sent:1,enalapril,sacubitril_valsartan,compared with,,,trial,"{""comparative_terms"": [""compared with""], ""study_context"": [""trial""]}","[""comparative_terms"", ""study_context""]",,,,,,,,introduction,NEU,0.0,lexicon_v1,2026-01-08T12:24:15.665444+00:00,2026-01-08 12:24:15,,,,
med:pmid:26915374,med:pmid:26915374:sec:results:sent:2,enalapril,sacubitril_valsartan,"compared with, versus",,,randomized,"{""comparative_terms"": [""compared with"", ""versus""], ""study_context"": [""randomized""]}","[""comparative_terms"", ""study_context""]",,,,,comparative,comparative_efficacy,0.6,results,POS,1.0,lexicon_v1,2026-01-08T12:24:15.665444+00:00,2026-01-08 12:24:15,confirmatory,,1,
med:pmid:26915374,med:pmid:26915374:sec:title:sent:0,enalapril,sacubitril_valsartan,,,,trial,"{""study_context"": [""trial""]}","[""study_context""]",,,,,evidence,clinical_trial,0.7,results,NEU,0.0,lexicon_v1,2026-01-08T12:24:15.665444+00:00,2026-01-08 12:24:15,,,1,
med:pmid:26976916,med:pmid:26976916:sec:abstract:sent:6,enalapril,sacubitril_valsartan,compared with,,,trial,"{""comparative_terms"": [""compared with""], ""study_context"": [""trial""], ""endpoint_terms"": [""blood pressure""]}","[""comparative_terms"", ""study_context"", ""endpoint_terms""]",,,,,,,,abstract,NEU,0.0,lexicon_v1,2026-01-08T12:24:15.665444+00:00,2026-01-08 12:24:15,,,,
med:pmid:26873036,med:pmid:26873036:sec:abstract:sent:4,enalapril,sacubitril_valsartan,,,,trial,"{""study_context"": [""trial""]}","[""study_context""]",,,,,,,,abstract,POS,1.0,lexicon_v1,2026-01-08T12:24:15.665444+00:00,2026-01-08 12:24:15,,,,
med:pmid:26637405,med:pmid:26637405:sec:abstract:sent:5,enalapril,sacubitril_valsartan,,,,review,"{""study_context"": [""review""], ""claim_strength_terms"": {""exploratory"": [""encouraging""]}}","[""study_context"", ""claim_strength:exploratory""]",,,,,,,,abstract,NEU,0.0,lexicon_v1,2026-01-08T12:24:15.665444+00:00,2026-01-08 12:24:15,,,,
med:pmid:26754626,med:pmid:26754626:sec:conclusion:sent:7,enalapril,sacubitril_valsartan,compared with,,risk,trial,"{""comparative_terms"": [""compared with""], ""risk_terms"": [""risk""], ""study_context"": [""trial""], ""endpoint_terms"": [""hba1c""], ""risk_posture_terms"": {""acknowledgment"": [""higher risk"", ""risk of""]}}","[""comparative_terms"", ""risk_terms"", ""study_context"", ""endpoint_terms"", ""risk_posture:acknowledgment""]",,,,,comparative,comparative_efficacy,0.6,conclusion,NEU,0.0,lexicon_v1,2026-01-08T12:24:15.665444+00:00,2026-01-08 12:24:15,,,1,
med:pmid:26754626,med:pmid:26754626:sec:results:sent:2,enalapril,sacubitril_valsartan,,,,trial,"{""study_context"": [""trial""], ""endpoint_terms"": [""a1c"", ""hba1c""]}","[""study_context"", ""endpoint_terms""]",,,,,evidence,clinical_trial,0.49999999999999994,results,NEU,0.0,lexicon_v1,2026-01-08T12:24:15.665444+00:00,2026-01-08 12:24:15,,,1,
med:pmid:26754626,med:pmid:26754626:sec:title:sent:0,enalapril,sacubitril_valsartan,,,risk,trial,"{""risk_terms"": [""risk""], ""study_context"": [""trial""]}","[""risk_terms"", ""study_context""]",,,,,evidence,clinical_trial,0.7,results,NEU,0.0,lexicon_v1,2026-01-08T12:24:15.665444+00:00,2026-01-08 12:24:15,,,1,
